address,date,discount,floor_elevator,link,price,rooms,sqft_m2
"Piso en ROGER DE LLURIA, La Dreta de l'Eixample, Barcelona",2020-10-20,0,15 oct,http://idealista.com/inmueble/91395577/,950.0,1,45.0
"Piso en La Dreta de l'Eixample, Barcelona",2020-10-20,0,4 horas,http://idealista.com/inmueble/91450954/,2500.0,4,133.0
"Piso en ronda Sant Pere, 33, La Dreta de l'Eixample, Barcelona",2020-10-20,0,4ª planta exterior con ascensor,http://idealista.com/inmueble/90967061/,2200.0,3,110.0
"Piso en La Dreta de l'Eixample, Barcelona",2020-10-20,0,4 horas,http://idealista.com/inmueble/91450952/,1350.0,2,85.0
"Piso en La Dreta de l'Eixample, Barcelona",2020-10-20,0,8 horas,http://idealista.com/inmueble/91450493/,2300.0,6,170.0
"Piso en La Dreta de l'Eixample, Barcelona",2020-10-20,0,8 horas,http://idealista.com/inmueble/91450490/,4950.0,3,143.0
"Piso en La Dreta de l'Eixample, Barcelona",2020-10-20,0,13 horas,http://idealista.com/inmueble/91448057/,950.0,3,70.0
"Piso en ronda de Sant Pere, La Dreta de l'Eixample, Barcelona",2020-10-20,0,14 oct,http://idealista.com/inmueble/91386282/,2000.0,1,100.0
"Piso en plaza d'Urquinaona, La Dreta de l'Eixample, Barcelona",2020-10-20,0,2ª planta exterior con ascensor,http://idealista.com/inmueble/89950758/,1250.0,4,137.0
"Piso en ronda de la Universitat, La Dreta de l'Eixample, Barcelona",2020-10-20,0,13 horas,http://idealista.com/inmueble/91447990/,1400.0,3,110.0
"Piso en La Dreta de l'Eixample, Barcelona",2020-10-20,0,1ª planta  con ascensor,http://idealista.com/inmueble/90556775/,1590.0,2,71.0
"Piso en calle de Roger de Flor, La Dreta de l'Eixample, Barcelona",2020-10-20,0,13 horas,http://idealista.com/inmueble/91447875/,900.0,2,60.0
"Piso en La Dreta de l'Eixample, Barcelona",2020-10-20,0,6ª planta exterior con ascensor,http://idealista.com/inmueble/90287452/,3100.0,4,195.0
"Piso en rambla de Catalunya, La Dreta de l'Eixample, Barcelona",2020-10-20,0,14 horas,http://idealista.com/inmueble/91447140/,2000.0,3,105.0
"Piso en La Dreta de l'Eixample, Barcelona",2020-10-20,0,10 horas,http://idealista.com/inmueble/91447000/,1600.0,3,95.0
"Piso en calle del Consell de Cent, La Dreta de l'Eixample, Barcelona",2020-10-20,0,2ª planta exterior con ascensor,http://idealista.com/inmueble/91282650/,1700.0,2,80.0
"Piso en ronda de la Universitat, La Dreta de l'Eixample, Barcelona",2020-10-20,0,14 horas,http://idealista.com/inmueble/30751933/,970.0,1,40.0
"Piso en plaza CATALUNYA, La Dreta de l'Eixample, Barcelona",2020-10-20,0,5ª planta exterior con ascensor,http://idealista.com/inmueble/91188211/,1400.0,2,90.0
"Piso en La Dreta de l'Eixample, Barcelona",2020-10-20,0,14 horas,http://idealista.com/inmueble/34149829/,1600.0,2,57.0
"Piso en La Dreta de l'Eixample, Barcelona",2020-10-20,0,2ª planta exterior con ascensor,http://idealista.com/inmueble/90664962/,1400.0,3,105.0
"Piso en rambla de Catalunya, La Dreta de l'Eixample, Barcelona",2020-10-20,0,14 horas,http://idealista.com/inmueble/91446272/,2300.0,4,130.0
"Piso en mallorca, La Dreta de l'Eixample, Barcelona",2020-10-20,0,3ª planta exterior con ascensor,http://idealista.com/inmueble/90477993/,1400.0,3,77.0
"Piso en La Dreta de l'Eixample, Barcelona",2020-10-20,0,interior con ascensor,http://idealista.com/inmueble/90632822/,1850.0,2,80.0
"Piso en La Dreta de l'Eixample, Barcelona",2020-10-20,0,15 horas,http://idealista.com/inmueble/615695/,1600.0,2,60.0
"Piso en La Dreta de l'Eixample, Barcelona",2020-10-20,0,13 oct,http://idealista.com/inmueble/86188968/,2300.0,4,210.0
"Piso en La Dreta de l'Eixample, Barcelona",2020-10-20,0,15 horas,http://idealista.com/inmueble/91445702/,2500.0,3,144.0
"Estudio en Passatge Coll del Portell, La Dreta de l'Eixample, Barcelona",2020-10-20,0,2ª planta exterior sin ascensor,http://idealista.com/inmueble/91162173/,750.0,,40.0
"Piso en calle de Pau Claris, La Dreta de l'Eixample, Barcelona",2020-10-20,0,15 horas,http://idealista.com/inmueble/91445107/,1400.0,3,99.0
"Piso en calle de Valencia, 266, La Dreta de l'Eixample, Barcelona",2020-10-20,0,15 horas,http://idealista.com/inmueble/91401006/,1350.0,3,97.0
"Piso en paseo de Sant Joan, 129, La Dreta de l'Eixample, Barcelona",2020-10-20,0,1ª planta exterior con ascensor,http://idealista.com/inmueble/90524017/,1900.0,2,102.0
"Piso en La Dreta de l'Eixample, Barcelona",2020-10-20,0,1ª planta  con ascensor,http://idealista.com/inmueble/89376801/,1850.0,3,129.0
"Piso en La Dreta de l'Eixample, Barcelona",2020-10-20,0,1ª planta  con ascensor,http://idealista.com/inmueble/89775860/,1650.0,2,89.0
"Piso en La Dreta de l'Eixample, Barcelona",2020-10-20,0,1ª planta  con ascensor,http://idealista.com/inmueble/89881007/,2200.0,3,140.0
"Piso en Pelai, La Dreta de l'Eixample, Barcelona",2020-10-20,0,16 horas,http://idealista.com/inmueble/91444312/,650.0,1,30.0
"Piso en La Dreta de l'Eixample, Barcelona",2020-10-20,0,14 oct,http://idealista.com/inmueble/91380265/,1750.0,2,115.0
"Piso en La Dreta de l'Eixample, Barcelona",2020-10-20,0,4ª planta  con ascensor,http://idealista.com/inmueble/90509127/,1900.0,3,135.0
"Piso en La Dreta de l'Eixample, Barcelona",2020-10-20,0,1ª planta  con ascensor,http://idealista.com/inmueble/90969427/,2200.0,2,121.0
"Piso en La Dreta de l'Eixample, Barcelona",2020-10-20,0,con ascensor,http://idealista.com/inmueble/91003016/,2450.0,3,135.0
"Piso en avenida Diagonal, La Dreta de l'Eixample, Barcelona",2020-10-20,0,16 horas,http://idealista.com/inmueble/91444109/,1850.0,3,129.0
"Piso en La Dreta de l'Eixample, Barcelona",2020-10-20,0,3ª planta  con ascensor,http://idealista.com/inmueble/91242030/,1800.0,3,100.0
"Piso en La Dreta de l'Eixample, Barcelona",2020-10-20,0,2ª planta  con ascensor,http://idealista.com/inmueble/91259360/,1650.0,2,94.0
"Piso en Passatge de Bocabella, La Dreta de l'Eixample, Barcelona",2020-10-20,0,16 horas,http://idealista.com/inmueble/91444077/,1050.0,3,72.0
"Piso en Provenza, La Dreta de l'Eixample, Barcelona",2020-10-20,0,1ª planta exterior con ascensor,http://idealista.com/inmueble/91065796/,950.0,3,80.0
"Piso en Gran Via de les Corts Catalanes, La Dreta de l'Eixample, Barcelona",2020-10-20,0,16 horas,http://idealista.com/inmueble/91443961/,1700.0,2,119.0
"Piso en La Dreta de l'Eixample, Barcelona",2020-10-20,0,14 oct,http://idealista.com/inmueble/89789311/,1046.0,1,70.0
"Piso en La Dreta de l'Eixample, Barcelona",2020-10-20,0,17 horas,http://idealista.com/inmueble/91443623/,1000.0,3,89.0
"Piso en paseo de gracia, 11, La Dreta de l'Eixample, Barcelona",2020-10-20,0,2ª planta exterior con ascensor,http://idealista.com/inmueble/89034829/,4000.0,3,136.0
"Piso en Eixample Dret, s/n, La Dreta de l'Eixample, Barcelona",2020-10-20,0,17 horas,http://idealista.com/inmueble/91443530/,800.0,2,65.0
"Piso en Pau Claris, 155, La Dreta de l'Eixample, Barcelona",2020-10-20,0,17 horas,http://idealista.com/inmueble/91442947/,1200.0,2,70.0
"Piso en paseo de Gracia, Barcelona, La Dreta de l'Eixample, Barcelona",2020-10-20,0,4ª planta exterior con ascensor,http://idealista.com/inmueble/82310528/,1645.0,2,100.0
"Piso en La Dreta de l'Eixample, Barcelona",2020-10-20,0,Bajo exterior sin ascensor,http://idealista.com/inmueble/91282494/,1350.0,1,40.0
"Piso en La Dreta de l'Eixample, Barcelona",2020-10-20,0,16 oct,http://idealista.com/inmueble/91416976/,1500.0,2,50.0
"Piso en calle Mallorca, 266, La Dreta de l'Eixample, Barcelona",2020-10-20,0,19 horas,http://idealista.com/inmueble/91441678/,1400.0,3,95.0
"Piso en La Dreta de l'Eixample, Barcelona",2020-10-20,0,1ª planta interior con ascensor,http://idealista.com/inmueble/91241519/,1750.0,3,150.0
"Piso en calle girona, La Dreta de l'Eixample, Barcelona",2020-10-20,0,19 horas,http://idealista.com/inmueble/32186092/,1600.0,3,135.0
"Piso en La Dreta de l'Eixample, Barcelona",2020-10-20,0,1ª planta interior con ascensor,http://idealista.com/inmueble/91038848/,1150.0,1,50.0
"Piso en calle de Roger de Flor, 148, La Dreta de l'Eixample, Barcelona",2020-10-20,0,20 horas,http://idealista.com/inmueble/91440647/,950.0,2,65.0
"Piso en calle de Balmes, La Dreta de l'Eixample, Barcelona",2020-10-20,0,17 oct,http://idealista.com/inmueble/91425618/,2400.0,2,110.0
"Piso en Corcega, La Dreta de l'Eixample, Barcelona",2020-10-20,0,19 horas,http://idealista.com/inmueble/91440420/,1500.0,5,164.0
"Piso en La Dreta de l'Eixample, Barcelona",2020-10-20,0,20 horas,http://idealista.com/inmueble/90706261/,890.0,1,50.0
"Piso en ronda de Sant Pere, 11, La Dreta de l'Eixample, Barcelona",2020-10-20,0,6ª planta interior con ascensor,http://idealista.com/inmueble/88206192/,1195.0,2,75.0
"Piso en calle de Pau Claris, La Dreta de l'Eixample, Barcelona",2020-10-20,0,16 oct,http://idealista.com/inmueble/91411769/,2500.0,2,87.0
"Piso en calle de Girona, La Dreta de l'Eixample, Barcelona",2020-10-20,0,21 horas,http://idealista.com/inmueble/91439342/,1800.0,3,115.0
"Piso en rambla de Catalunya, La Dreta de l'Eixample, Barcelona",2020-10-20,0,21 horas,http://idealista.com/inmueble/91439249/,1850.0,2,120.0
"Piso en rambla de Catalunya, La Dreta de l'Eixample, Barcelona",2020-10-20,0,21 horas,http://idealista.com/inmueble/91439258/,1250.0,1,65.0
"Piso en rambla de Catalunya, La Dreta de l'Eixample, Barcelona",2020-10-20,0,16 oct,http://idealista.com/inmueble/91408821/,2070.0,2,70.0
"Piso en calle de Trafalgar, La Dreta de l'Eixample, Barcelona",2020-10-20,0,21 horas,http://idealista.com/inmueble/91438822/,1275.0,1,92.0
"Piso en calle Balmes, La Dreta de l'Eixample, Barcelona",2020-10-20,0,1ª planta exterior con ascensor,http://idealista.com/inmueble/91035175/,1050.0,2,69.0
"Piso en La Dreta de l'Eixample, Barcelona",2020-10-20,0,21 horas,http://idealista.com/inmueble/91438771/,3750.0,3,120.0
"Piso en calle Balmes, La Dreta de l'Eixample, Barcelona",2020-10-20,0,3ª planta exterior con ascensor,http://idealista.com/inmueble/91332365/,1050.0,2,69.0
"Piso en La Dreta de l'Eixample, Barcelona",2020-10-20,0,21 horas,http://idealista.com/inmueble/91438448/,1300.0,2,76.0
"Piso en rambla de Catalunya, La Dreta de l'Eixample, Barcelona",2020-10-20,0,16 oct,http://idealista.com/inmueble/91408808/,6000.0,4,211.0
"Piso en Domingo, 11, La Dreta de l'Eixample, Barcelona",2020-10-20,0,21 horas,http://idealista.com/inmueble/91437993/,1300.0,2,70.0
"Piso en avenida Diagonal, La Dreta de l'Eixample, Barcelona",2020-10-20,0,21 horas,http://idealista.com/inmueble/91437956/,1200.0,3,100.0
"Piso en La Dreta de l'Eixample, Barcelona",2020-10-20,0,16 oct,http://idealista.com/inmueble/91419726/,1850.0,2,69.0
"Piso en calle Mallorca, 360, La Dreta de l'Eixample, Barcelona",2020-10-20,0,22 horas,http://idealista.com/inmueble/91436931/,1100.0,2,75.0
"Piso en rambla de Catalunya, La Dreta de l'Eixample, Barcelona",2020-10-20,0,23 horas,http://idealista.com/inmueble/91436002/,1050.0,1,40.0
"Piso en calle Mallorca, La Dreta de l'Eixample, Barcelona",2020-10-20,0,22 horas,http://idealista.com/inmueble/91436868/,1350.0,3,130.0
"Piso en Provenza, 255, La Dreta de l'Eixample, Barcelona",2020-10-20,0,21 horas,http://idealista.com/inmueble/91436783/,1550.0,2,102.0
"Piso en Pau Claris, 155, La Dreta de l'Eixample, Barcelona",2020-10-20,0,16 oct,http://idealista.com/inmueble/91419814/,1200.0,2,70.0
"Piso en rambla de Catalunya, La Dreta de l'Eixample, Barcelona",2020-10-20,0,22 horas,http://idealista.com/inmueble/91436716/,2900.0,3,145.0
"Piso en Roger de Flor, 220, La Dreta de l'Eixample, Barcelona",2020-10-20,0,23 horas,http://idealista.com/inmueble/91436462/,1000.0,2,74.0
"Piso en paseo de Gracia, La Dreta de l'Eixample, Barcelona",2020-10-20,0,1ª planta exterior con ascensor,http://idealista.com/inmueble/90471563/,1700.0,2,86.0
"Piso en La Dreta de l'Eixample, Barcelona",2020-10-20,0,23 horas,http://idealista.com/inmueble/91435808/,850.0,3,75.0
"Piso en plaza de la Universitat, La Dreta de l'Eixample, Barcelona",2020-10-20,0,2ª planta exterior con ascensor,http://idealista.com/inmueble/88281358/,950.0,2,60.0
"Piso en ronda de Sant Pere, La Dreta de l'Eixample, Barcelona",2020-10-20,0,Publicado ayer,http://idealista.com/inmueble/91435285/,1800.0,3,102.0
"Piso en PG GRACIA, 5, La Dreta de l'Eixample, Barcelona",2020-10-20,0,2ª planta exterior con ascensor,http://idealista.com/inmueble/38534873/,2500.0,2,95.0
"Piso en calle de Balmes, La Dreta de l'Eixample, Barcelona",2020-10-20,0,Publicado ayer,http://idealista.com/inmueble/87608971/,2307.0,2,105.0
"Piso en avenida Diagonal, La Dreta de l'Eixample, Barcelona",2020-10-20,0,18 oct,http://idealista.com/inmueble/91434385/,2400.0,5,170.0
"Piso en paseo de Gracia, La Dreta de l'Eixample, Barcelona",2020-10-20,0,13 oct,http://idealista.com/inmueble/91360769/,1750.0,2,100.0
"Piso en La Dreta de l'Eixample, Barcelona",2020-10-20,0,18 oct,http://idealista.com/inmueble/91434325/,2100.0,3,120.0
"Piso en paseo de Gracia, La Dreta de l'Eixample, Barcelona",2020-10-20,0,13 oct,http://idealista.com/inmueble/91360769/,1750.0,2,100.0
"Piso en rambla de Catalunya, La Dreta de l'Eixample, Barcelona",2020-10-20,0,18 oct,http://idealista.com/inmueble/91432879/,2000.0,3,105.0
"Piso en paseo de Gracia, La Dreta de l'Eixample, Barcelona",2020-10-20,0,13 oct,http://idealista.com/inmueble/91366132/,1850.0,2,100.0
"Piso en La Dreta de l'Eixample, Barcelona",2020-10-20,0,18 oct,http://idealista.com/inmueble/91433270/,2200.0,3,90.0
"Piso en GIRONA, La Dreta de l'Eixample, Barcelona",2020-10-20,0,18 oct,http://idealista.com/inmueble/91433109/,1650.0,5,160.0
"Piso en La Dreta de l'Eixample, Barcelona",2020-10-20,0,18 oct,http://idealista.com/inmueble/91433037/,1750.0,2,80.0
"Piso en paseo de Gracia, La Dreta de l'Eixample, Barcelona",2020-10-20,0,13 horas,http://idealista.com/inmueble/91432843/,2100.0,2,106.0
"Piso en rambla de Catalunya, La Dreta de l'Eixample, Barcelona",2020-10-20,0,18 oct,http://idealista.com/inmueble/91432467/,2300.0,3,105.0
"Piso en calle del Bruc, La Dreta de l'Eixample, Barcelona",2020-10-20,0,18 oct,http://idealista.com/inmueble/91431892/,2300.0,5,230.0
"Piso en rambla de Catalunya, La Dreta de l'Eixample, Barcelona",2020-10-20,0,18 oct,http://idealista.com/inmueble/91431418/,2300.0,4,130.0
"Piso en calle Balmes, La Dreta de l'Eixample, Barcelona",2020-10-20,0,1 hora,http://idealista.com/inmueble/91419061/,1460.0,3,88.0
"Piso en Girona, La Dreta de l'Eixample, Barcelona",2020-10-20,0,5ª planta exterior con ascensor,http://idealista.com/inmueble/87787234/,1950.0,2,74.0
"Piso en avenida Diagonal, La Dreta de l'Eixample, Barcelona",2020-10-20,0,16 oct,http://idealista.com/inmueble/37882469/,1300.0,2,71.0
"Piso en calle de Pelayo, La Dreta de l'Eixample, Barcelona",2020-10-20,0,18 oct,http://idealista.com/inmueble/91427045/,1100.0,1,54.0
"Piso en paseo San Juan, 77, La Dreta de l'Eixample, Barcelona",2020-10-20,0,13 oct,http://idealista.com/inmueble/83814259/,993.0,2,68.0
"Piso en La Dreta de l'Eixample, Barcelona",2020-10-20,0,1ª planta  con ascensor,http://idealista.com/inmueble/90126803/,1400.0,2,90.0
"Piso en calle de Pau Claris, 139, La Dreta de l'Eixample, Barcelona",2020-10-20,0,2ª planta exterior con ascensor,http://idealista.com/inmueble/89957197/,1350.0,2,80.0
"Piso en calle de Girona, La Dreta de l'Eixample, Barcelona",2020-10-20,0,3ª planta exterior con ascensor,http://idealista.com/inmueble/91000346/,2500.0,4,200.0
"Piso en calle de Mallorca, La Dreta de l'Eixample, Barcelona",2020-10-20,0,6ª planta exterior con ascensor,http://idealista.com/inmueble/89284238/,3700.0,5,298.0
"Piso en calle de Casp, La Dreta de l'Eixample, Barcelona",2020-10-20,0,18 oct,http://idealista.com/inmueble/91419885/,1995.0,5,180.0
"Piso en calle Pau Claris, La Dreta de l'Eixample, Barcelona",2020-10-20,0,16 oct,http://idealista.com/inmueble/1193949/,2500.0,3,175.0
"Piso en calle de Casp, La Dreta de l'Eixample, Barcelona",2020-10-20,0,18 oct,http://idealista.com/inmueble/91419885/,1995.0,5,180.0
"Piso en calle Pau Claris, La Dreta de l'Eixample, Barcelona",2020-10-20,0,16 oct,http://idealista.com/inmueble/1193949/,2500.0,3,175.0
"Piso en paseo de Gracia, La Dreta de l'Eixample, Barcelona",2020-10-20,0,2ª planta exterior con ascensor,http://idealista.com/inmueble/89923960/,1800.0,1,78.0
"Piso en calle Casp, 30, La Dreta de l'Eixample, Barcelona",2020-10-20,0,15 oct,http://idealista.com/inmueble/687137/,1230.0,2,86.0
"Piso en paseo de gracia, La Dreta de l'Eixample, Barcelona",2020-10-20,0,6ª planta exterior con ascensor,http://idealista.com/inmueble/91170990/,2300.0,2,105.0
"Piso en rambla de Catalunya, La Dreta de l'Eixample, Barcelona",2020-10-20,0,17 oct,http://idealista.com/inmueble/91425832/,2500.0,2,120.0
"Piso en calle de Pau Claris, La Dreta de l'Eixample, Barcelona",2020-10-20,0,14 oct,http://idealista.com/inmueble/91381972/,1500.0,3,118.0
"Piso en paseo de San Juan, 114, La Dreta de l'Eixample, Barcelona",2020-10-20,0,2ª planta exterior con ascensor,http://idealista.com/inmueble/89051668/,1500.0,3,111.0
"Piso en La Dreta de l'Eixample, Barcelona",2020-10-20,0,5ª planta  con ascensor,http://idealista.com/inmueble/89658893/,1200.0,1,45.0
"Piso en La Dreta de l'Eixample, Barcelona",2020-10-20,0,1ª planta exterior sin ascensor,http://idealista.com/inmueble/89268290/,2200.0,2,75.0
"Piso en calle Balmes, 104, La Dreta de l'Eixample, Barcelona",2020-10-20,0,2ª planta exterior con ascensor,http://idealista.com/inmueble/89927696/,1050.0,2,77.0
"Piso en rambla de Catalunya, La Dreta de l'Eixample, Barcelona",2020-10-20,0,6ª planta exterior con ascensor,http://idealista.com/inmueble/91273374/,1850.0,2,70.0
"Piso en La Dreta de l'Eixample, Barcelona",2020-10-20,0,4ª planta  con ascensor,http://idealista.com/inmueble/90067756/,2000.0,3,130.0
"Piso en paseo San Juan, 77, La Dreta de l'Eixample, Barcelona",2020-10-20,0,2ª planta interior con ascensor,http://idealista.com/inmueble/81299867/,1181.0,2,67.0
"Piso en Pau Claris, 139, La Dreta de l'Eixample, Barcelona",2020-10-20,0,2ª planta exterior con ascensor,http://idealista.com/inmueble/89958128/,1950.0,3,110.0
"Piso en La Dreta de l'Eixample, Barcelona",2020-10-20,0,exterior con ascensor,http://idealista.com/inmueble/90151620/,1650.0,2,65.0
"Piso en calle de Roger de Flor, 157, La Dreta de l'Eixample, Barcelona",2020-10-20,0,15 oct,http://idealista.com/inmueble/91398034/,920.0,2,45.0
"Piso en calle de Roger de Flor, La Dreta de l'Eixample, Barcelona",2020-10-20,0,13 oct,http://idealista.com/inmueble/91358565/,1000.0,3,80.0
"Piso en calle Pau Calris, 169, La Dreta de l'Eixample, Barcelona",2020-10-20,0,3ª planta exterior con ascensor,http://idealista.com/inmueble/90227842/,1334.0,2,84.0
"Piso en rambla de Catalunya, La Dreta de l'Eixample, Barcelona",2020-10-20,0,4ª planta exterior con ascensor,http://idealista.com/inmueble/91250173/,2500.0,3,140.0
"Piso en rambla de Catalunya, La Dreta de l'Eixample, Barcelona",2020-10-20,0,Entreplanta exterior con ascensor,http://idealista.com/inmueble/91209600/,4500.0,3,155.0
"Piso en ronda de la Universitat, La Dreta de l'Eixample, Barcelona",2020-10-20,0,2ª planta exterior con ascensor,http://idealista.com/inmueble/91204420/,1900.0,3,120.0
"Piso en calle del Consell de Cent, La Dreta de l'Eixample, Barcelona",2020-10-20,0,4ª planta exterior con ascensor,http://idealista.com/inmueble/91188043/,2800.0,3,90.0
"Piso en Gran Via de les Corts Catalanes, La Dreta de l'Eixample, Barcelona",2020-10-20,0,6ª planta  con ascensor,http://idealista.com/inmueble/90811783/,1600.0,2,69.0
"Piso en Gran Via de les Corts Catalanes, La Dreta de l'Eixample, Barcelona",2020-10-20,0,6ª planta  con ascensor,http://idealista.com/inmueble/90811779/,1600.0,2,69.0
"Piso en Casp, 30, La Dreta de l'Eixample, Barcelona",2020-10-20,0,15 oct,http://idealista.com/inmueble/36172731/,1230.0,2,86.0
"Piso en Gran Via de les Corts Catalanes, La Dreta de l'Eixample, Barcelona",2020-10-20,0,3ª planta exterior con ascensor,http://idealista.com/inmueble/36222512/,2500.0,3,160.0
"Piso en calle de Balmes, La Dreta de l'Eixample, Barcelona",2020-10-20,0,17 oct,http://idealista.com/inmueble/91425853/,2500.0,3,112.0
"Piso en rambla de Catalunya, La Dreta de l'Eixample, Barcelona",2020-10-20,0,17 oct,http://idealista.com/inmueble/91425745/,1650.0,2,72.0
"Piso en rambla de Catalunya, La Dreta de l'Eixample, Barcelona",2020-10-20,0,17 oct,http://idealista.com/inmueble/91425647/,3100.0,4,191.0
"Piso en rambla de Catalunya, La Dreta de l'Eixample, Barcelona",2020-10-20,0,15 oct,http://idealista.com/inmueble/91397013/,1250.0,1,63.0
"Piso en avenida Diagonal, La Dreta de l'Eixample, Barcelona",2020-10-20,0,13 oct,http://idealista.com/inmueble/91368130/,4000.0,4,175.0
"Piso en avenida Diagonal, La Dreta de l'Eixample, Barcelona",2020-10-20,0,13 oct,http://idealista.com/inmueble/86949535/,1100.0,3,85.0
"Piso en rambla de Catalunya, La Dreta de l'Eixample, Barcelona",2020-10-20,0,13 oct,http://idealista.com/inmueble/91361786/,1850.0,2,117.0
"Piso en rambla de Catalunya, La Dreta de l'Eixample, Barcelona",2020-10-20,0,13 oct,http://idealista.com/inmueble/91361018/,1850.0,2,117.0
"Piso en plaza Tetuan, 6, La Dreta de l'Eixample, Barcelona",2020-10-20,0,13 oct,http://idealista.com/inmueble/38027131/,950.0,1,60.0
"Piso en La Dreta de l'Eixample, Barcelona",2020-10-20,0,3ª planta  con ascensor,http://idealista.com/inmueble/90359799/,1400.0,3,77.0
"Piso en La Dreta de l'Eixample, Barcelona",2020-10-20,0,5ª planta  con ascensor,http://idealista.com/inmueble/89458465/,1500.0,2,60.0
"Piso en La Dreta de l'Eixample, Barcelona",2020-10-20,0,5ª planta  con ascensor,http://idealista.com/inmueble/88317884/,848.0,1,51.0
"Piso en Girona, La Dreta de l'Eixample, Barcelona",2020-10-20,0,4ª planta exterior con ascensor,http://idealista.com/inmueble/91280941/,950.0,1,40.0
"Piso en La Dreta de l'Eixample, Barcelona",2020-10-20,0,4ª planta exterior con ascensor,http://idealista.com/inmueble/31259777/,1800.0,3,80.0
"Piso en La Dreta de l'Eixample, Barcelona",2020-10-20,0,2ª planta  sin ascensor,http://idealista.com/inmueble/91291108/,1200.0,2,70.0
"Piso en La Dreta de l'Eixample, Barcelona",2020-10-20,0,5ª planta  con ascensor,http://idealista.com/inmueble/91244080/,1850.0,3,120.0
"Piso en La Dreta de l'Eixample, Barcelona",2020-10-20,0,1ª planta  con ascensor,http://idealista.com/inmueble/91205016/,3000.0,2,170.0
"Piso en paseo de Sant Joan, s/n, La Dreta de l'Eixample, Barcelona",2020-10-20,0,13 oct,http://idealista.com/inmueble/91361858/,1450.0,2,96.0
"Piso en calle Provenza, La Dreta de l'Eixample, Barcelona",2020-10-20,0,2ª planta exterior con ascensor,http://idealista.com/inmueble/91087346/,2500.0,4,152.0
"Piso en calle Pau Claris, 97, La Dreta de l'Eixample, Barcelona",2020-10-20,0,4ª planta exterior con ascensor,http://idealista.com/inmueble/26548127/,1534.0,2,88.0
"Piso en rambla Catalunya, La Dreta de l'Eixample, Barcelona",2020-10-20,0,3ª planta exterior con ascensor,http://idealista.com/inmueble/91262973/,3100.0,5,199.0
"Piso en ronda de Sant Pere, Barcelona, La Dreta de l'Eixample, Barcelona",2020-10-20,0,2ª planta interior con ascensor,http://idealista.com/inmueble/84553928/,990.0,1,55.0
"Piso en calle de Roger de Flor, La Dreta de l'Eixample, Barcelona",2020-10-20,0,1ª planta exterior con ascensor,http://idealista.com/inmueble/90355340/,1000.0,2,56.0
"Piso en La Dreta de l'Eixample, Barcelona",2020-10-20,0,15 oct,http://idealista.com/inmueble/91403857/,1508.0,3,105.0
"Piso en calle de Pau Claris, 155, La Dreta de l'Eixample, Barcelona",2020-10-20,0,15 oct,http://idealista.com/inmueble/91393839/,1200.0,2,70.0
"Piso en La Dreta de l'Eixample, Barcelona",2020-10-20,0,15 oct,http://idealista.com/inmueble/91399718/,5000.0,3,208.0
"Piso en calle de Pau Claris, 155, La Dreta de l'Eixample, Barcelona",2020-10-20,0,14 oct,http://idealista.com/inmueble/91381591/,1200.0,2,70.0
"Piso en calle de Pau Claris, 155, La Dreta de l'Eixample, Barcelona",2020-10-20,0,13 oct,http://idealista.com/inmueble/91326993/,1200.0,2,70.0
"Piso en La Dreta de l'Eixample, Barcelona",2020-10-20,0,1ª planta  con ascensor,http://idealista.com/inmueble/90911360/,1800.0,4,134.0
"Piso en La Dreta de l'Eixample, Barcelona",2020-10-20,0,5ª planta  con ascensor,http://idealista.com/inmueble/90888228/,2445.0,5,167.0
"Piso en La Dreta de l'Eixample, Barcelona",2020-10-20,0,con ascensor,http://idealista.com/inmueble/90587771/,4500.0,4,215.0
"Piso en La Dreta de l'Eixample, Barcelona",2020-10-20,0,2ª planta  con ascensor,http://idealista.com/inmueble/90531395/,3115.0,7,153.0
"Piso en La Dreta de l'Eixample, Barcelona",2020-10-20,0,sin ascensor,http://idealista.com/inmueble/90485589/,2800.0,4,200.0
"Piso en La Dreta de l'Eixample, Barcelona",2020-10-20,0,5ª planta  con ascensor,http://idealista.com/inmueble/90484147/,4000.0,6,228.0
"Piso en La Dreta de l'Eixample, Barcelona",2020-10-20,0,1ª planta  con ascensor,http://idealista.com/inmueble/90373898/,1700.0,3,88.0
"Piso en La Dreta de l'Eixample, Barcelona",2020-10-20,0,6ª planta  con ascensor,http://idealista.com/inmueble/90070975/,1750.0,2,75.0
"Piso en La Dreta de l'Eixample, Barcelona",2020-10-20,0,6ª planta  con ascensor,http://idealista.com/inmueble/90011996/,1990.0,5,180.0
"Piso en La Dreta de l'Eixample, Barcelona",2020-10-20,0,1ª planta  con ascensor,http://idealista.com/inmueble/89830847/,3000.0,2,170.0
"Piso en La Dreta de l'Eixample, Barcelona",2020-10-20,0,con ascensor,http://idealista.com/inmueble/89661443/,1500.0,2,50.0
"Piso en La Dreta de l'Eixample, Barcelona",2020-10-20,0,1ª planta  con ascensor,http://idealista.com/inmueble/89240008/,4400.0,2,75.0
"Piso en La Dreta de l'Eixample, Barcelona",2020-10-20,0,5ª planta  con ascensor,http://idealista.com/inmueble/89427553/,1350.0,2,75.0
"Piso en La Dreta de l'Eixample, Barcelona",2020-10-20,0,2ª planta  con ascensor,http://idealista.com/inmueble/89218734/,2400.0,2,92.0
"Piso en rambla de Catalunya, 121, La Dreta de l'Eixample, Barcelona",2020-10-20,0,13 oct,http://idealista.com/inmueble/91361721/,2200.0,3,201.0
"Piso en calle de Pau Claris, 78, La Dreta de l'Eixample, Barcelona",2020-10-20,0,13 oct,http://idealista.com/inmueble/91357347/,1400.0,3,117.0
"Piso en calle de Pau Claris, 99, La Dreta de l'Eixample, Barcelona",2020-10-20,0,4ª planta exterior con ascensor,http://idealista.com/inmueble/90676072/,1800.0,3,88.0
"Piso en calle Mallorca, La Dreta de l'Eixample, Barcelona",2020-10-20,0,14 oct,http://idealista.com/inmueble/91375399/,4700.0,6,305.0
"Piso en plaza de Catalunya, La Dreta de l'Eixample, Barcelona",2020-10-20,0,13 oct,http://idealista.com/inmueble/91370519/,1800.0,3,120.0
"Piso en calle del Bruc, La Dreta de l'Eixample, Barcelona",2020-10-20,0,13 oct,http://idealista.com/inmueble/91369251/,1400.0,3,85.0
"Piso en Caspe, La Dreta de l'Eixample, Barcelona",2020-10-20,0,15 oct,http://idealista.com/inmueble/91396202/,1230.0,2,86.0
"Piso en Corsega, La Dreta de l'Eixample, Barcelona",2020-10-20,0,2ª planta exterior con ascensor,http://idealista.com/inmueble/91332044/,1100.0,3,105.0
"Piso en Gran Via de les Corts Catalanes, 594, La Dreta de l'Eixample, Barcelona",2020-10-20,0,1ª planta exterior con ascensor,http://idealista.com/inmueble/91310135/,1800.0,3,147.0
"Piso en ronda universitat, La Dreta de l'Eixample, Barcelona",2020-10-20,0,4ª planta exterior con ascensor,http://idealista.com/inmueble/91203704/,1750.0,2,85.0
"Piso en paseo de Gracia, La Dreta de l'Eixample, Barcelona",2020-10-20,0,2ª planta exterior con ascensor,http://idealista.com/inmueble/89335114/,1900.0,2,90.0
"Piso en Passatge de Domingo, La Dreta de l'Eixample, Barcelona",2020-10-20,0,1ª planta exterior sin ascensor,http://idealista.com/inmueble/90999822/,2200.0,2,75.0
"Piso en calle del Bruc, La Dreta de l'Eixample, Barcelona",2020-10-20,0,Entreplanta exterior con ascensor,http://idealista.com/inmueble/90996906/,1030.0,2,65.0
"Piso en calle Diputacio, 320, La Dreta de l'Eixample, Barcelona",2020-10-20,0,1ª planta exterior con ascensor,http://idealista.com/inmueble/27692841/,1400.0,3,120.0
"Piso en calle de Fontanella, La Dreta de l'Eixample, Barcelona",2020-10-20,0,2ª planta  con ascensor,http://idealista.com/inmueble/90786774/,1900.0,3,100.0
"Piso en La Dreta de l'Eixample, Barcelona",2020-10-20,0,exterior con ascensor,http://idealista.com/inmueble/90667355/,1800.0,4,110.0
"Piso en ronda de Sant Pere, La Dreta de l'Eixample, Barcelona",2020-10-20,0,4ª planta exterior con ascensor,http://idealista.com/inmueble/89758038/,1400.0,3,90.0
"Piso en La Dreta de l'Eixample, Barcelona",2020-10-20,0,exterior con ascensor,http://idealista.com/inmueble/90107421/,3900.0,2,185.0
"Piso en Gran Via de les Corts Catalanes, La Dreta de l'Eixample, Barcelona",2020-10-20,0,17 oct,http://idealista.com/inmueble/91425953/,3100.0,3,170.0
"Piso en calle del Bruc, La Dreta de l'Eixample, Barcelona",2020-10-20,0,17 oct,http://idealista.com/inmueble/91425622/,1900.0,2,75.0
"Piso en Gran Via de les Corts Catalanes, La Dreta de l'Eixample, Barcelona",2020-10-20,0,15 oct,http://idealista.com/inmueble/91401459/,1850.0,1,62.0
"Piso en calle del Bruc, La Dreta de l'Eixample, Barcelona",2020-10-20,0,15 oct,http://idealista.com/inmueble/91401126/,2800.0,3,120.0
"Piso en plaza d'Urquinaona, La Dreta de l'Eixample, Barcelona",2020-10-20,0,Entreplanta exterior con ascensor,http://idealista.com/inmueble/91052409/,1600.0,2,100.0
"Piso en ronda de la Universitat, La Dreta de l'Eixample, Barcelona",2020-10-20,0,14 oct,http://idealista.com/inmueble/91377496/,1100.0,2,55.0
"Piso en avenida Diagonal, La Dreta de l'Eixample, Barcelona",2020-10-20,0,4ª planta exterior con ascensor,http://idealista.com/inmueble/91312430/,1400.0,1,80.0
"Piso en calle de Balmes, La Dreta de l'Eixample, Barcelona",2020-10-20,0,4ª planta exterior con ascensor,http://idealista.com/inmueble/91310870/,2300.0,3,160.0
"Piso en calle de Girona, La Dreta de l'Eixample, Barcelona",2020-10-20,0,1ª planta exterior con ascensor,http://idealista.com/inmueble/91310825/,1000.0,3,92.0
"Piso en Passatge de Domingo, La Dreta de l'Eixample, Barcelona",2020-10-20,0,Entreplanta exterior con ascensor,http://idealista.com/inmueble/91310770/,2100.0,2,125.0
"Piso en Passatge de Domingo, La Dreta de l'Eixample, Barcelona",2020-10-20,0,3ª planta exterior con ascensor,http://idealista.com/inmueble/91265293/,1490.0,2,68.0
"Piso en rambla de Catalunya, La Dreta de l'Eixample, Barcelona",2020-10-20,0,4ª planta exterior con ascensor,http://idealista.com/inmueble/91250184/,2400.0,4,168.0
"Piso en calle del Consell de Cent, La Dreta de l'Eixample, Barcelona",2020-10-20,0,7ª planta exterior con ascensor,http://idealista.com/inmueble/91250182/,1900.0,3,110.0
"Piso en calle de Pau Claris, La Dreta de l'Eixample, Barcelona",2020-10-20,0,2ª planta exterior con ascensor,http://idealista.com/inmueble/91250193/,1600.0,2,70.0
"Piso en Gran Via de les Corts Catalanes, La Dreta de l'Eixample, Barcelona",2020-10-20,0,7ª planta exterior con ascensor,http://idealista.com/inmueble/91250063/,3990.0,6,290.0
"Piso en calle de Balmes, La Dreta de l'Eixample, Barcelona",2020-10-20,0,Bajo interior con ascensor,http://idealista.com/inmueble/91242540/,2400.0,3,133.0
"Piso en calle de Roger de Flor, La Dreta de l'Eixample, Barcelona",2020-10-20,0,2ª planta  sin ascensor,http://idealista.com/inmueble/88524757/,1596.0,3,75.0
"Piso en rambla de Catalunya, La Dreta de l'Eixample, Barcelona",2020-10-20,0,4ª planta exterior con ascensor,http://idealista.com/inmueble/91209597/,2900.0,4,200.0
"Piso en calle de Pau Claris, La Dreta de l'Eixample, Barcelona",2020-10-20,0,3ª planta interior con ascensor,http://idealista.com/inmueble/91209176/,1350.0,1,55.0
"Piso en calle de Pau Claris, La Dreta de l'Eixample, Barcelona",2020-10-20,0,4ª planta exterior con ascensor,http://idealista.com/inmueble/91209165/,2300.0,3,85.0
"Piso en calle de Pau Claris, La Dreta de l'Eixample, Barcelona",2020-10-20,0,4ª planta exterior con ascensor,http://idealista.com/inmueble/91209134/,2050.0,2,67.0
"Piso en calle del Bruc, La Dreta de l'Eixample, Barcelona",2020-10-20,0,3ª planta exterior con ascensor,http://idealista.com/inmueble/91209144/,2050.0,2,92.0
"Piso en avenida Diagonal, La Dreta de l'Eixample, Barcelona",2020-10-20,0,1ª planta exterior con ascensor,http://idealista.com/inmueble/91208837/,1900.0,3,95.0
"Piso en calle del Bruc, La Dreta de l'Eixample, Barcelona",2020-10-20,0,Entreplanta exterior con ascensor,http://idealista.com/inmueble/91208831/,5900.0,5,250.0
"Piso en rambla de Catalunya, La Dreta de l'Eixample, Barcelona",2020-10-20,0,2ª planta exterior con ascensor,http://idealista.com/inmueble/91152821/,2500.0,3,120.0
"Piso en calle de Casp, La Dreta de l'Eixample, Barcelona",2020-10-20,0,Entreplanta exterior con ascensor,http://idealista.com/inmueble/91152818/,4600.0,3,114.0
"Piso en calle del Bruc, La Dreta de l'Eixample, Barcelona",2020-10-20,0,Entreplanta exterior con ascensor,http://idealista.com/inmueble/91065541/,2600.0,6,185.0
"Piso en calle del Consell de Cent, La Dreta de l'Eixample, Barcelona",2020-10-20,0,14 oct,http://idealista.com/inmueble/91334731/,1750.0,3,122.0
"Piso en calle del Bruc, La Dreta de l'Eixample, Barcelona",2020-10-20,0,14 oct,http://idealista.com/inmueble/91364128/,2500.0,3,159.0
"Piso en calle Consell de Cent, La Dreta de l'Eixample, Barcelona",2020-10-20,0,1ª planta exterior con ascensor,http://idealista.com/inmueble/1504729/,1500.0,2,80.0
"Piso en La Dreta de l'Eixample, Barcelona",2020-10-20,0,14 oct,http://idealista.com/inmueble/91377469/,1090.0,1,70.0
"Piso en La Dreta de l'Eixample, Barcelona",2020-10-20,0,sin ascensor,http://idealista.com/inmueble/91301093/,1401.0,5,143.0
"Piso en paseo de Sant Joan, La Dreta de l'Eixample, Barcelona",2020-10-20,0,13 oct,http://idealista.com/inmueble/91366175/,1500.0,4,96.0
"Piso en La Dreta de l'Eixample, Barcelona",2020-10-20,0,13 oct,http://idealista.com/inmueble/91365824/,1100.0,3,105.0
"Piso en Casp, La Dreta de l'Eixample, Barcelona",2020-10-20,0,1ª planta exterior con ascensor,http://idealista.com/inmueble/83366627/,1545.0,4,138.0
"Piso en rambla de Catalunya, 88, La Dreta de l'Eixample, Barcelona",2020-10-20,0,1ª planta exterior con ascensor,http://idealista.com/inmueble/90983458/,2460.0,4,153.0
"Estudio en ronda de Sant Pere, 42, La Dreta de l'Eixample, Barcelona",2020-10-20,0,5ª planta exterior con ascensor,http://idealista.com/inmueble/90853611/,950.0,,45.0
"Piso en Gran Via de les Corts Catalanes, 620, La Dreta de l'Eixample, Barcelona",2020-10-20,0,4ª planta exterior con ascensor,http://idealista.com/inmueble/90825405/,5500.0,4,180.0
"Piso en La Dreta de l'Eixample, Barcelona",2020-10-20,0,2ª planta  sin ascensor,http://idealista.com/inmueble/89865434/,1700.0,1,70.0
"Piso en paseo de Sant Joan, La Dreta de l'Eixample, Barcelona",2020-10-20,0,1ª planta exterior con ascensor,http://idealista.com/inmueble/37619744/,1800.0,4,300.0
"Piso en paseo de Sant Joan, La Dreta de l'Eixample, Barcelona",2020-10-20,0,1ª planta exterior con ascensor,http://idealista.com/inmueble/37619744/,1800.0,4,300.0
"Piso en Gran Via de les Corts Catalanes, 589, La Dreta de l'Eixample, Barcelona",2020-10-20,0,4ª planta exterior con ascensor,http://idealista.com/inmueble/89953994/,1700.0,2,78.0
"Piso en calle de Casp, 30, La Dreta de l'Eixample, Barcelona",2020-10-20,0,2ª planta exterior con ascensor,http://idealista.com/inmueble/35325694/,975.0,1,47.0
"Piso en rambla de Catalunya, 63, La Dreta de l'Eixample, Barcelona",2020-10-20,0,3ª planta exterior con ascensor,http://idealista.com/inmueble/89941463/,2600.0,3,125.0
"Piso en paseo de Gracia, 46, La Dreta de l'Eixample, Barcelona",2020-10-20,0,5ª planta exterior con ascensor,http://idealista.com/inmueble/89221546/,6000.0,5,245.0
"Piso en paseo de Gracia, La Dreta de l'Eixample, Barcelona",2020-10-20,0,15 oct,http://idealista.com/inmueble/91405209/,2200.0,2,125.0
"Piso en via Corts Catalanes, 677, La Dreta de l'Eixample, Barcelona",2020-10-20,0,13 oct,http://idealista.com/inmueble/29377871/,1000.0,4,100.0
"Piso en ronda de Sant Pere, La Dreta de l'Eixample, Barcelona",2020-10-20,0,4ª planta exterior con ascensor,http://idealista.com/inmueble/91342411/,1400.0,3,90.0
"Piso en La Dreta de l'Eixample, Barcelona",2020-10-20,0,2ª planta  con ascensor,http://idealista.com/inmueble/91301168/,1450.0,3,110.0
"Piso en plaza Urquinaona, La Dreta de l'Eixample, Barcelona",2020-10-20,0,1ª planta exterior con ascensor,http://idealista.com/inmueble/91284966/,1600.0,2,100.0
"Piso en La Dreta de l'Eixample, Barcelona",2020-10-20,0,2ª planta  con ascensor,http://idealista.com/inmueble/91090700/,2000.0,4,175.0
"Piso en ronda Sant Pere, La Dreta de l'Eixample, Barcelona",2020-10-20,0,Entreplanta exterior con ascensor,http://idealista.com/inmueble/91049979/,1100.0,1,57.0
"Piso en calle de Mallorca, La Dreta de l'Eixample, Barcelona",2020-10-20,0,5ª planta exterior con ascensor,http://idealista.com/inmueble/91052500/,3500.0,4,188.0
"Piso en ronda de la Universitat, La Dreta de l'Eixample, Barcelona",2020-10-20,0,4ª planta exterior con ascensor,http://idealista.com/inmueble/91052493/,1650.0,4,124.0
"Piso en calle de Casp, La Dreta de l'Eixample, Barcelona",2020-10-20,0,Entreplanta exterior con ascensor,http://idealista.com/inmueble/91052408/,4200.0,3,153.0
"Piso en La Dreta de l'Eixample, Barcelona",2020-10-20,0,con ascensor,http://idealista.com/inmueble/91040871/,3000.0,2,157.0
"Piso en paseo de Gracia, La Dreta de l'Eixample, Barcelona",2020-10-20,0,5ª planta exterior con ascensor,http://idealista.com/inmueble/89270995/,3500.0,2,130.0
"Piso en calle de Pau Claris, La Dreta de l'Eixample, Barcelona",2020-10-20,0,2ª planta exterior con ascensor,http://idealista.com/inmueble/90993787/,1600.0,3,113.0
"Piso en calle de Pau Claris, La Dreta de l'Eixample, Barcelona",2020-10-20,0,1ª planta exterior con ascensor,http://idealista.com/inmueble/90968078/,1550.0,2,135.0
"Piso en calle del Bruc, La Dreta de l'Eixample, Barcelona",2020-10-20,0,2ª planta exterior con ascensor,http://idealista.com/inmueble/85809796/,2300.0,4,230.0
"Piso en calle del Consell de Cent, La Dreta de l'Eixample, Barcelona",2020-10-20,0,2ª planta exterior con ascensor,http://idealista.com/inmueble/90919520/,1650.0,4,116.0
"Piso en ronda de Sant Pere, La Dreta de l'Eixample, Barcelona",2020-10-20,0,2ª planta exterior con ascensor,http://idealista.com/inmueble/90915929/,1650.0,3,106.0
"Piso en paseo de Sant Joan, La Dreta de l'Eixample, Barcelona",2020-10-20,0,2ª planta exterior con ascensor,http://idealista.com/inmueble/90865628/,1000.0,2,73.0
"Piso en La Dreta de l'Eixample, Barcelona",2020-10-20,0,1ª planta  con ascensor,http://idealista.com/inmueble/90857823/,1400.0,3,120.0
"Piso en ronda de Sant Pere, La Dreta de l'Eixample, Barcelona",2020-10-20,0,5ª planta interior con ascensor,http://idealista.com/inmueble/90824728/,1400.0,1,60.0
"Piso en La Dreta de l'Eixample, Barcelona",2020-10-20,0,3ª planta  con ascensor,http://idealista.com/inmueble/90773526/,1750.0,2,75.0
"Piso en ronda de Sant Pere, La Dreta de l'Eixample, Barcelona",2020-10-20,0,3ª planta  con ascensor,http://idealista.com/inmueble/89440335/,1450.0,3,118.0
"Piso en calle de Pau Claris, La Dreta de l'Eixample, Barcelona",2020-10-20,0,2ª planta exterior con ascensor,http://idealista.com/inmueble/90663401/,1600.0,2,70.0
"Piso en rambla de Catalunya, La Dreta de l'Eixample, Barcelona",2020-10-20,0,1ª planta interior con ascensor,http://idealista.com/inmueble/89314586/,1250.0,1,80.0
"Piso en avenida Diagonal, La Dreta de l'Eixample, Barcelona",2020-10-20,0,4ª planta exterior con ascensor,http://idealista.com/inmueble/90492047/,1990.0,3,115.0
"Piso en Passatge de Mercader, La Dreta de l'Eixample, Barcelona",2020-10-20,0,1ª planta  sin ascensor,http://idealista.com/inmueble/90468768/,2850.0,1,65.0
"Piso en Passatge de Mercader, La Dreta de l'Eixample, Barcelona",2020-10-20,0,2ª planta  sin ascensor,http://idealista.com/inmueble/90468766/,2850.0,1,45.0
"Piso en calle del Consell de Cent, La Dreta de l'Eixample, Barcelona",2020-10-20,0,4ª planta  con ascensor,http://idealista.com/inmueble/90402654/,2095.0,2,91.0
"Piso en La Dreta de l'Eixample, Barcelona",2020-10-20,0,7ª planta  con ascensor,http://idealista.com/inmueble/90373895/,1800.0,4,110.0
"Piso en rambla de Catalunya, La Dreta de l'Eixample, Barcelona",2020-10-20,0,2ª planta exterior con ascensor,http://idealista.com/inmueble/90338469/,1250.0,1,67.0
"Piso en La Dreta de l'Eixample, Barcelona",2020-10-20,0,con ascensor,http://idealista.com/inmueble/90255994/,2300.0,2,120.0
"Piso en La Dreta de l'Eixample, Barcelona",2020-10-20,0,1ª planta  con ascensor,http://idealista.com/inmueble/90072352/,1150.0,1,60.0
"Piso en rambla de Catalunya, La Dreta de l'Eixample, Barcelona",2020-10-20,0,4ª planta exterior con ascensor,http://idealista.com/inmueble/90148191/,2900.0,5,210.0
"Piso en La Dreta de l'Eixample, Barcelona",2020-10-20,0,2ª planta  con ascensor,http://idealista.com/inmueble/90047017/,3900.0,2,200.0
"Piso en rambla de Catalunya, La Dreta de l'Eixample, Barcelona",2020-10-20,0,1ª planta exterior con ascensor,http://idealista.com/inmueble/90014213/,1250.0,1,90.0
"Piso en calle de Pau Claris, La Dreta de l'Eixample, Barcelona",2020-10-20,0,5ª planta exterior con ascensor,http://idealista.com/inmueble/85230750/,2500.0,3,93.0
"Piso en calle de Pau Claris, La Dreta de l'Eixample, Barcelona",2020-10-20,0,4ª planta exterior con ascensor,http://idealista.com/inmueble/89263526/,2050.0,2,66.0
"Piso en calle de Fontanella, La Dreta de l'Eixample, Barcelona",2020-10-20,0,3ª planta exterior con ascensor,http://idealista.com/inmueble/85666871/,1995.0,3,110.0
"Piso en La Dreta de l'Eixample, Barcelona",2020-10-20,0,con ascensor,http://idealista.com/inmueble/89206553/,1790.0,4,132.0
"Piso en rambla de Catalunya, La Dreta de l'Eixample, Barcelona",2020-10-20,0,2ª planta  sin ascensor,http://idealista.com/inmueble/85250381/,2553.0,2,75.0
"Piso en rambla de Catalunya, La Dreta de l'Eixample, Barcelona",2020-10-20,0,2ª planta  sin ascensor,http://idealista.com/inmueble/85873561/,2910.0,3,120.0
"Piso en rambla de Catalunya, La Dreta de l'Eixample, Barcelona",2020-10-20,0,3ª planta  sin ascensor,http://idealista.com/inmueble/87178507/,1846.0,1,60.0
"Piso en La Dreta de l'Eixample, Barcelona",2020-10-20,0,2ª planta  con ascensor,http://idealista.com/inmueble/88977356/,2200.0,2,100.0
"Piso en rambla de Catalunya, La Dreta de l'Eixample, Barcelona",2020-10-20,0,4ª planta exterior con ascensor,http://idealista.com/inmueble/88844851/,1800.0,2,98.0
"Piso en calle de Balmes, La Dreta de l'Eixample, Barcelona",2020-10-20,0,6ª planta exterior con ascensor,http://idealista.com/inmueble/88844845/,2400.0,3,165.0
"Piso en calle de Fontanella, La Dreta de l'Eixample, Barcelona",2020-10-20,0,3ª planta  con ascensor,http://idealista.com/inmueble/82567154/,2650.0,3,85.0
"Piso en rambla de Catalunya, La Dreta de l'Eixample, Barcelona",2020-10-20,0,3ª planta exterior con ascensor,http://idealista.com/inmueble/38983983/,2800.0,2,150.0
"Piso en La Dreta de l'Eixample, Barcelona",2020-10-20,0,1ª planta  con ascensor,http://idealista.com/inmueble/88576305/,1275.0,2,60.0
"Piso en La Dreta de l'Eixample, Barcelona",2020-10-20,0,3ª planta  con ascensor,http://idealista.com/inmueble/88232864/,1750.0,2,75.0
"Piso en paseo de Gracia, La Dreta de l'Eixample, Barcelona",2020-10-20,0,4ª planta exterior con ascensor,http://idealista.com/inmueble/85723144/,6000.0,4,214.0
"Piso en calle de Pau Claris, 99, La Dreta de l'Eixample, Barcelona",2020-10-20,0,3ª planta exterior con ascensor,http://idealista.com/inmueble/90675804/,1900.0,3,94.0
"Piso en La Dreta de l'Eixample, Barcelona",2020-10-20,0,16 oct,http://idealista.com/inmueble/91420040/,900.0,1,43.0
"Piso en calle de Pau Claris, 155, La Dreta de l'Eixample, Barcelona",2020-10-20,0,13 oct,http://idealista.com/inmueble/91362057/,1200.0,2,70.0
"Piso en La Dreta de l'Eixample, Barcelona",2020-10-20,0,2ª planta exterior con ascensor,http://idealista.com/inmueble/88260324/,9000.0,3,250.0
"Piso en calle de Pau Claris, La Dreta de l'Eixample, Barcelona",2020-10-20,0,16 oct,http://idealista.com/inmueble/91419648/,2250.0,3,94.0
"Piso en La Dreta de l'Eixample, Barcelona",2020-10-20,0,6ª planta  con ascensor,http://idealista.com/inmueble/91343687/,1550.0,2,90.0
"Piso en La Dreta de l'Eixample, Barcelona",2020-10-20,0,4ª planta  con ascensor,http://idealista.com/inmueble/91335346/,1535.0,2,93.0
"Piso en La Dreta de l'Eixample, Barcelona",2020-10-20,0,1ª planta  sin ascensor,http://idealista.com/inmueble/91302476/,1150.0,3,81.0
"Piso en La Dreta de l'Eixample, Barcelona",2020-10-20,0,5ª planta  con ascensor,http://idealista.com/inmueble/91278494/,2200.0,4,110.0
"Piso en La Dreta de l'Eixample, Barcelona",2020-10-20,0,2ª planta  con ascensor,http://idealista.com/inmueble/91224819/,4500.0,9,350.0
"Piso en La Dreta de l'Eixample, Barcelona",2020-10-20,0,7ª planta  con ascensor,http://idealista.com/inmueble/91181936/,1950.0,2,82.0
"Piso en La Dreta de l'Eixample, Barcelona",2020-10-20,0,2ª planta  con ascensor,http://idealista.com/inmueble/91134278/,5000.0,2,200.0
"Piso en La Dreta de l'Eixample, Barcelona",2020-10-20,0,4ª planta  con ascensor,http://idealista.com/inmueble/91097596/,1300.0,2,79.0
"Piso en La Dreta de l'Eixample, Barcelona",2020-10-20,0,4ª planta  con ascensor,http://idealista.com/inmueble/91074935/,2800.0,4,235.0
"Piso en La Dreta de l'Eixample, Barcelona",2020-10-20,0,9ª planta  con ascensor,http://idealista.com/inmueble/91074867/,1500.0,4,113.0
"Piso en La Dreta de l'Eixample, Barcelona",2020-10-20,0,2ª planta  con ascensor,http://idealista.com/inmueble/91062568/,1330.0,3,60.0
"Piso en La Dreta de l'Eixample, Barcelona",2020-10-20,0,2ª planta  con ascensor,http://idealista.com/inmueble/91062567/,1230.0,2,60.0
"Piso en girona, La Dreta de l'Eixample, Barcelona",2020-10-20,0,1ª planta exterior con ascensor,http://idealista.com/inmueble/90376328/,2300.0,3,176.0
"Piso en calle de Casp, La Dreta de l'Eixample, Barcelona",2020-10-20,0,15 oct,http://idealista.com/inmueble/91401113/,3500.0,6,189.0
"Piso en calle de Bergara, La Dreta de l'Eixample, Barcelona",2020-10-20,0,15 oct,http://idealista.com/inmueble/91397320/,1500.0,4,140.0
"Piso en ronda de la Universitat, La Dreta de l'Eixample, Barcelona",2020-10-20,0,13 oct,http://idealista.com/inmueble/91370557/,1800.0,2,90.0
"Piso en Gran Via de les Corts Catalanes, La Dreta de l'Eixample, Barcelona",2020-10-20,0,13 oct,http://idealista.com/inmueble/91301324/,3000.0,4,281.0
"Piso en calle de Roger de Flor, 148, La Dreta de l'Eixample, Barcelona",2020-10-20,0,2ª planta exterior con ascensor,http://idealista.com/inmueble/91336847/,900.0,2,51.0
"Piso en ronda de Sant Pere, 3, La Dreta de l'Eixample, Barcelona",2020-10-20,0,5ª planta exterior con ascensor,http://idealista.com/inmueble/91298724/,2500.0,1,75.0
"Piso en calle de Pau Claris, 128, La Dreta de l'Eixample, Barcelona",2020-10-20,0,3ª planta exterior con ascensor,http://idealista.com/inmueble/91259910/,1000.0,2,80.0
"Piso en calle de Pau Claris, 70, La Dreta de l'Eixample, Barcelona",2020-10-20,0,3ª planta interior con ascensor,http://idealista.com/inmueble/91257046/,950.0,2,73.0
"Piso en avenida Diagonal, 405, La Dreta de l'Eixample, Barcelona",2020-10-20,0,4ª planta exterior con ascensor,http://idealista.com/inmueble/91014766/,2800.0,4,200.0
"Piso en avenida Diagonal, 321, La Dreta de l'Eixample, Barcelona",2020-10-20,0,2ª planta exterior con ascensor,http://idealista.com/inmueble/90900491/,1450.0,4,129.0
"Piso en ronda sant pere, 40, La Dreta de l'Eixample, Barcelona",2020-10-20,0,2ª planta exterior con ascensor,http://idealista.com/inmueble/90821451/,2200.0,4,120.0
"Piso en calle de Pau Claris, La Dreta de l'Eixample, Barcelona",2020-10-20,0,1ª planta exterior con ascensor,http://idealista.com/inmueble/90113703/,5000.0,3,265.0
"Piso en Gran Via de les Corts Catalanes, 597, La Dreta de l'Eixample, Barcelona",2020-10-20,0,3ª planta exterior con ascensor,http://idealista.com/inmueble/90359399/,1650.0,3,100.0
"Piso en Gran Via de les Corts Catalanes, 615, La Dreta de l'Eixample, Barcelona",2020-10-20,0,6ª planta  con ascensor,http://idealista.com/inmueble/89354991/,2100.0,1,47.0
"Piso en Pau Claris, 96, La Dreta de l'Eixample, Barcelona",2020-10-20,0,4ª planta exterior con ascensor,http://idealista.com/inmueble/89993811/,2200.0,3,80.0
"Piso en gravina, 16, La Dreta de l'Eixample, Barcelona",2020-10-20,0,2ª planta exterior con ascensor,http://idealista.com/inmueble/81237364/,2700.0,2,80.0
"Piso en calle de Mallorca, 273, La Dreta de l'Eixample, Barcelona",2020-10-20,0,1ª planta exterior con ascensor,http://idealista.com/inmueble/89411350/,2550.0,6,184.0
"Piso en calle del Consell de Cent, 326, La Dreta de l'Eixample, Barcelona",2020-10-20,0,5ª planta exterior con ascensor,http://idealista.com/inmueble/37638264/,2800.0,2,80.0
"Piso en calle del Consell de Cent, 326, La Dreta de l'Eixample, Barcelona",2020-10-20,0,5ª planta exterior con ascensor,http://idealista.com/inmueble/37638264/,2800.0,2,80.0
"Piso en Valencia, 219, La Dreta de l'Eixample, Barcelona",2020-10-20,0,2ª planta exterior con ascensor,http://idealista.com/inmueble/88806886/,1400.0,3,105.0
"Piso en paseo DE GRACIA, La Dreta de l'Eixample, Barcelona",2020-10-20,0,16 oct,http://idealista.com/inmueble/91418602/,2500.0,2,72.0
"Piso en avenida Diagonal, La Dreta de l'Eixample, Barcelona",2020-10-20,0,15 oct,http://idealista.com/inmueble/91400678/,1950.0,4,131.0
"Piso en calle de Roger de Flor, 209, La Dreta de l'Eixample, Barcelona",2020-10-20,0,15 oct,http://idealista.com/inmueble/91396914/,1215.0,2,80.0
"Piso en Roger de Flor, 209, La Dreta de l'Eixample, Barcelona",2020-10-20,0,15 oct,http://idealista.com/inmueble/91396600/,1245.0,2,80.0
"Piso en Valencia, 227, La Dreta de l'Eixample, Barcelona",2020-10-20,0,15 oct,http://idealista.com/inmueble/91392805/,1800.0,7,165.0
"Piso en Pau Claris, La Dreta de l'Eixample, Barcelona",2020-10-20,0,15 oct,http://idealista.com/inmueble/82416460/,1100.0,1,65.0
"Piso en avenida Diagonal, La Dreta de l'Eixample, Barcelona",2020-10-20,0,4ª planta exterior con ascensor,http://idealista.com/inmueble/91334853/,1150.0,3,86.0
"Piso en pasaje Bocabella, La Dreta de l'Eixample, Barcelona",2020-10-20,0,1ª planta exterior con ascensor,http://idealista.com/inmueble/91304290/,1060.0,3,78.0
"Piso en CORSEGA, La Dreta de l'Eixample, Barcelona",2020-10-20,0,3ª planta exterior con ascensor,http://idealista.com/inmueble/91251390/,1700.0,2,80.0
"Piso en ronda de la Universitat, La Dreta de l'Eixample, Barcelona",2020-10-20,0,3ª planta exterior con ascensor,http://idealista.com/inmueble/91222971/,2000.0,5,200.0
"Piso en calle Pau Claris, 76, La Dreta de l'Eixample, Barcelona",2020-10-20,0,5ª planta exterior con ascensor,http://idealista.com/inmueble/28613905/,1300.0,2,77.0
"Piso en Girona, La Dreta de l'Eixample, Barcelona",2020-10-20,0,1ª planta exterior con ascensor,http://idealista.com/inmueble/36350610/,2200.0,3,165.0
"Piso en ronda de Sant Pere, 26, La Dreta de l'Eixample, Barcelona",2020-10-20,0,1ª planta interior con ascensor,http://idealista.com/inmueble/35822594/,990.0,1,57.0
"Piso en paseo de Sant Joan, 3, La Dreta de l'Eixample, Barcelona",2020-10-20,0,1ª planta exterior sin ascensor,http://idealista.com/inmueble/90877761/,1700.0,3,140.0
"Piso en ronda universitat, 14, La Dreta de l'Eixample, Barcelona",2020-10-20,0,2ª planta exterior con ascensor,http://idealista.com/inmueble/81380122/,1400.0,3,105.0
"Piso en paseo de Sant Joan, La Dreta de l'Eixample, Barcelona",2020-10-20,0,1ª planta exterior con ascensor,http://idealista.com/inmueble/90527934/,1900.0,2,101.0
"Piso en rambla de Catalunya, La Dreta de l'Eixample, Barcelona",2020-10-20,0,4ª planta exterior con ascensor,http://idealista.com/inmueble/90383719/,1800.0,3,86.0
"Piso en calle de Pau Claris, La Dreta de l'Eixample, Barcelona",2020-10-20,0,2ª planta exterior con ascensor,http://idealista.com/inmueble/34933064/,4900.0,6,319.0
"Piso en calle Pau Claris, La Dreta de l'Eixample, Barcelona",2020-10-20,0,6ª planta exterior con ascensor,http://idealista.com/inmueble/1166003/,1500.0,3,110.0
"Piso en calle de Pau Claris, La Dreta de l'Eixample, Barcelona",2020-10-20,0,3ª planta interior con ascensor,http://idealista.com/inmueble/83547402/,2500.0,3,93.0
"Piso en rambla Catalunya, La Dreta de l'Eixample, Barcelona",2020-10-20,0,3ª planta exterior con ascensor,http://idealista.com/inmueble/87957499/,1450.0,1,60.0
"Piso en La Dreta de l'Eixample, Barcelona",2020-10-20,0,15 oct,http://idealista.com/inmueble/91404889/,2200.0,4,120.0
"Piso en calle del Bruc, La Dreta de l'Eixample, Barcelona",2020-10-20,0,14 oct,http://idealista.com/inmueble/91382211/,1400.0,4,122.0
"Piso en calle de Pau Claris, La Dreta de l'Eixample, Barcelona",2020-10-20,0,4ª planta exterior con ascensor,http://idealista.com/inmueble/91295277/,1534.0,2,88.0
"Piso en calle del Consell de Cent, La Dreta de l'Eixample, Barcelona",2020-10-20,0,4ª planta exterior con ascensor,http://idealista.com/inmueble/91132070/,2000.0,3,95.0
"Piso en calle de Valencia, La Dreta de l'Eixample, Barcelona",2020-10-20,0,4ª planta exterior con ascensor,http://idealista.com/inmueble/91275906/,1200.0,2,85.0
"Piso en calle de Ausias March, La Dreta de l'Eixample, Barcelona",2020-10-20,0,2ª planta exterior con ascensor,http://idealista.com/inmueble/91060067/,2300.0,3,130.0
"Piso en La Dreta de l'Eixample, Barcelona",2020-10-20,0,exterior con ascensor,http://idealista.com/inmueble/90858891/,1550.0,4,140.0
"Piso en La Dreta de l'Eixample, Barcelona",2020-10-20,0,exterior con ascensor,http://idealista.com/inmueble/90833854/,1800.0,3,100.0
"Piso en La Dreta de l'Eixample, Barcelona",2020-10-20,0,exterior con ascensor,http://idealista.com/inmueble/90631287/,1480.0,3,80.0
"Piso en La Dreta de l'Eixample, Barcelona",2020-10-20,0,exterior con ascensor,http://idealista.com/inmueble/39728781/,1200.0,1,50.0
"Piso en La Dreta de l'Eixample, Barcelona",2020-10-20,0,exterior con ascensor,http://idealista.com/inmueble/87715088/,2100.0,2,67.0
"Piso en La Dreta de l'Eixample, Barcelona",2020-10-20,0,exterior con ascensor,http://idealista.com/inmueble/91339052/,1700.0,6,130.0
"Piso en La Dreta de l'Eixample, Barcelona",2020-10-20,0,exterior con ascensor,http://idealista.com/inmueble/91323170/,2100.0,4,177.0
"Piso en La Dreta de l'Eixample, Barcelona",2020-10-20,0,4ª planta exterior con ascensor,http://idealista.com/inmueble/91269781/,3000.0,3,110.0
"Piso en La Dreta de l'Eixample, Barcelona",2020-10-20,0,4ª planta exterior con ascensor,http://idealista.com/inmueble/91250213/,1550.0,3,141.0
"Piso en paseo de Gracia, La Dreta de l'Eixample, Barcelona",2020-10-20,0,3ª planta exterior con ascensor,http://idealista.com/inmueble/91246972/,1750.0,2,92.0
"Piso en paseo de Gracia, La Dreta de l'Eixample, Barcelona",2020-10-20,0,3ª planta exterior con ascensor,http://idealista.com/inmueble/91245829/,1750.0,2,92.0
"Piso en La Dreta de l'Eixample, Barcelona",2020-10-20,0,con ascensor,http://idealista.com/inmueble/91199741/,4000.0,3,232.0
"Estudio en La Dreta de l'Eixample, Barcelona",2020-10-20,0,5ª planta exterior con ascensor,http://idealista.com/inmueble/83463400/,1500.0,,50.0
"Piso en rambla DE CATALUNYA, La Dreta de l'Eixample, Barcelona",2020-10-20,0,4ª planta exterior con ascensor,http://idealista.com/inmueble/90395803/,3155.0,5,225.0
"Piso en rambla de Catalunya, 113, La Dreta de l'Eixample, Barcelona",2020-10-20,0,17 oct,http://idealista.com/inmueble/91425906/,1250.0,1,80.0
"Piso en Consell de Cent, 304, La Dreta de l'Eixample, Barcelona",2020-10-20,0,14 oct,http://idealista.com/inmueble/91381668/,1600.0,3,90.0
"Piso en calle del Consell de Cent, 302, La Dreta de l'Eixample, Barcelona",2020-10-20,0,14 oct,http://idealista.com/inmueble/91381002/,1700.0,1,80.0
"Piso en calle del Consell de Cent, 347, La Dreta de l'Eixample, Barcelona",2020-10-20,0,13 oct,http://idealista.com/inmueble/91364079/,1700.0,1,80.0
"Piso en Valencia, 325, La Dreta de l'Eixample, Barcelona",2020-10-20,0,13 oct,http://idealista.com/inmueble/91362240/,1600.0,3,90.0
"Piso en La Dreta de l'Eixample, Barcelona",2020-10-20,0,1ª planta  con ascensor,http://idealista.com/inmueble/91026083/,3500.0,4,180.0
"Piso en La Dreta de l'Eixample, Barcelona",2020-10-20,0,2ª planta  con ascensor,http://idealista.com/inmueble/90974096/,1700.0,5,125.0
"Piso en La Dreta de l'Eixample, Barcelona",2020-10-20,0,3ª planta  con ascensor,http://idealista.com/inmueble/90969405/,2600.0,3,125.0
"Piso en La Dreta de l'Eixample, Barcelona",2020-10-20,0,4ª planta  con ascensor,http://idealista.com/inmueble/90939092/,2050.0,6,160.0
"Piso en La Dreta de l'Eixample, Barcelona",2020-10-20,0,5ª planta  con ascensor,http://idealista.com/inmueble/90937160/,1400.0,1,55.0
"Piso en La Dreta de l'Eixample, Barcelona",2020-10-20,0,4ª planta  con ascensor,http://idealista.com/inmueble/90904338/,1300.0,1,75.0
"Piso en La Dreta de l'Eixample, Barcelona",2020-10-20,0,1ª planta  con ascensor,http://idealista.com/inmueble/90888251/,3900.0,4,246.0
"Piso en La Dreta de l'Eixample, Barcelona",2020-10-20,0,3ª planta  con ascensor,http://idealista.com/inmueble/90720241/,2800.0,5,200.0
"Piso en La Dreta de l'Eixample, Barcelona",2020-10-20,0,1ª planta  con ascensor,http://idealista.com/inmueble/90714139/,1340.0,2,100.0
"Piso en La Dreta de l'Eixample, Barcelona",2020-10-20,0,1ª planta  con ascensor,http://idealista.com/inmueble/89202376/,3003.0,3,143.0
"Piso en La Dreta de l'Eixample, Barcelona",2020-10-20,0,1ª planta  con ascensor,http://idealista.com/inmueble/90622170/,4900.0,5,319.0
"Piso en La Dreta de l'Eixample, Barcelona",2020-10-20,0,3ª planta  con ascensor,http://idealista.com/inmueble/90597239/,11500.0,4,260.0
"Piso en La Dreta de l'Eixample, Barcelona",2020-10-20,0,5ª planta  con ascensor,http://idealista.com/inmueble/90577728/,2400.0,2,100.0
"Piso en La Dreta de l'Eixample, Barcelona",2020-10-20,0,1ª planta  con ascensor,http://idealista.com/inmueble/90549611/,2500.0,3,135.0
"Piso en La Dreta de l'Eixample, Barcelona",2020-10-20,0,4ª planta  sin ascensor,http://idealista.com/inmueble/90502565/,3000.0,3,221.0
"Piso en La Dreta de l'Eixample, Barcelona",2020-10-20,0,con ascensor,http://idealista.com/inmueble/90499343/,2500.0,4,188.0
"Piso en La Dreta de l'Eixample, Barcelona",2020-10-20,0,7ª planta  con ascensor,http://idealista.com/inmueble/90472809/,2990.0,4,200.0
"Piso en La Dreta de l'Eixample, Barcelona",2020-10-20,0,1ª planta  con ascensor,http://idealista.com/inmueble/90463275/,4750.0,5,250.0
"Piso en La Dreta de l'Eixample, Barcelona",2020-10-20,0,1ª planta  con ascensor,http://idealista.com/inmueble/90463271/,1250.0,1,55.0
"Piso en La Dreta de l'Eixample, Barcelona",2020-10-20,0,4ª planta  con ascensor,http://idealista.com/inmueble/90390338/,1500.0,6,170.0
"Piso en La Dreta de l'Eixample, Barcelona",2020-10-20,0,con ascensor,http://idealista.com/inmueble/90373882/,1400.0,3,100.0
"Piso en La Dreta de l'Eixample, Barcelona",2020-10-20,0,con ascensor,http://idealista.com/inmueble/90373879/,5900.0,6,250.0
"Piso en La Dreta de l'Eixample, Barcelona",2020-10-20,0,2ª planta  con ascensor,http://idealista.com/inmueble/90278819/,2200.0,3,130.0
"Piso en La Dreta de l'Eixample, Barcelona",2020-10-20,0,5ª planta  con ascensor,http://idealista.com/inmueble/90257408/,1750.0,3,115.0
"Piso en La Dreta de l'Eixample, Barcelona",2020-10-20,0,4ª planta  con ascensor,http://idealista.com/inmueble/90257383/,1450.0,2,72.0
"Piso en La Dreta de l'Eixample, Barcelona",2020-10-20,0,con ascensor,http://idealista.com/inmueble/90251242/,2800.0,3,100.0
"Piso en La Dreta de l'Eixample, Barcelona",2020-10-20,0,3ª planta  con ascensor,http://idealista.com/inmueble/90125326/,1800.0,2,74.0
"Piso en La Dreta de l'Eixample, Barcelona",2020-10-20,0,1ª planta  con ascensor,http://idealista.com/inmueble/90112845/,4500.0,2,180.0
"Piso en La Dreta de l'Eixample, Barcelona",2020-10-20,0,5ª planta  con ascensor,http://idealista.com/inmueble/90072288/,4500.0,3,200.0
"Piso en La Dreta de l'Eixample, Barcelona",2020-10-20,0,con ascensor,http://idealista.com/inmueble/89943663/,2800.0,3,100.0
"Piso en La Dreta de l'Eixample, Barcelona",2020-10-20,0,con ascensor,http://idealista.com/inmueble/89910137/,2500.0,3,120.0
"Piso en La Dreta de l'Eixample, Barcelona",2020-10-20,0,3ª planta  sin ascensor,http://idealista.com/inmueble/89883147/,1800.0,2,102.0
"Piso en La Dreta de l'Eixample, Barcelona",2020-10-20,0,4ª planta  con ascensor,http://idealista.com/inmueble/89881008/,1800.0,2,92.0
"Piso en La Dreta de l'Eixample, Barcelona",2020-10-20,0,con ascensor,http://idealista.com/inmueble/89880594/,2500.0,3,120.0
"Piso en La Dreta de l'Eixample, Barcelona",2020-10-20,0,1ª planta  con ascensor,http://idealista.com/inmueble/89794137/,2000.0,3,150.0
"Piso en La Dreta de l'Eixample, Barcelona",2020-10-20,0,4ª planta  sin ascensor,http://idealista.com/inmueble/89832794/,3300.0,4,200.0
"Piso en La Dreta de l'Eixample, Barcelona",2020-10-20,0,2ª planta  con ascensor,http://idealista.com/inmueble/89778514/,2950.0,4,133.0
"Piso en La Dreta de l'Eixample, Barcelona",2020-10-20,0,3ª planta  con ascensor,http://idealista.com/inmueble/89424850/,2600.0,4,196.0
"Piso en La Dreta de l'Eixample, Barcelona",2020-10-20,0,con ascensor,http://idealista.com/inmueble/89378302/,4000.0,3,90.0
"Piso en La Dreta de l'Eixample, Barcelona",2020-10-20,0,3ª planta  con ascensor,http://idealista.com/inmueble/89363777/,1950.0,2,85.0
"Piso en La Dreta de l'Eixample, Barcelona",2020-10-20,0,1ª planta  con ascensor,http://idealista.com/inmueble/89292470/,2800.0,4,225.0
"Piso en La Dreta de l'Eixample, Barcelona",2020-10-20,0,1ª planta  sin ascensor,http://idealista.com/inmueble/89240013/,5500.0,3,200.0
"Piso en La Dreta de l'Eixample, Barcelona",2020-10-20,0,5ª planta  con ascensor,http://idealista.com/inmueble/89232840/,1430.0,1,55.0
"Piso en La Dreta de l'Eixample, Barcelona",2020-10-20,0,1ª planta  con ascensor,http://idealista.com/inmueble/89229551/,2500.0,2,180.0
"Piso en La Dreta de l'Eixample, Barcelona",2020-10-20,0,2ª planta  con ascensor,http://idealista.com/inmueble/89057369/,3800.0,7,305.0
"Piso en La Dreta de l'Eixample, Barcelona",2020-10-20,0,3ª planta  con ascensor,http://idealista.com/inmueble/88936777/,2700.0,3,160.0
"Piso en La Dreta de l'Eixample, Barcelona",2020-10-20,0,2ª planta  con ascensor,http://idealista.com/inmueble/88811982/,4000.0,3,111.0
"Piso en La Dreta de l'Eixample, Barcelona",2020-10-20,0,5ª planta  con ascensor,http://idealista.com/inmueble/88428515/,2800.0,5,180.0
"Piso en La Dreta de l'Eixample, Barcelona",2020-10-20,0,con ascensor,http://idealista.com/inmueble/82989932/,2500.0,3,130.0
"Piso en calle de Roger de Flor, La Dreta de l'Eixample, Barcelona",2020-10-20,0,15 oct,http://idealista.com/inmueble/91389307/,850.0,2,44.0
"Piso en ronda de Sant Pere, 11, La Dreta de l'Eixample, Barcelona",2020-10-20,0,4ª planta exterior con ascensor,http://idealista.com/inmueble/91352719/,1400.0,3,90.0
"Piso en calle del Consell de Cent, La Dreta de l'Eixample, Barcelona",2020-10-20,0,5ª planta exterior con ascensor,http://idealista.com/inmueble/91341364/,1950.0,3,115.0
"Piso en Gran Via de les Corts Catalanes, La Dreta de l'Eixample, Barcelona",2020-10-20,0,4ª planta exterior con ascensor,http://idealista.com/inmueble/91332658/,3200.0,4,302.0
"Piso en calle del Bruc, La Dreta de l'Eixample, Barcelona",2020-10-20,0,1ª planta exterior con ascensor,http://idealista.com/inmueble/91103338/,2600.0,3,172.0
"Piso en Aragon, 252, La Dreta de l'Eixample, Barcelona",2020-10-20,0,1ª planta exterior con ascensor,http://idealista.com/inmueble/90781048/,1390.0,2,70.0
"Piso en calle de Pau Claris, 99, La Dreta de l'Eixample, Barcelona",2020-10-20,0,2ª planta exterior con ascensor,http://idealista.com/inmueble/90675460/,1600.0,2,71.0
"Piso en La Dreta de l'Eixample, Barcelona",2020-10-20,0,Bajo exterior con ascensor,http://idealista.com/inmueble/90888970/,4500.0,3,165.0
"Piso en rambla de Catalunya, La Dreta de l'Eixample, Barcelona",2020-10-20,0,17 oct,http://idealista.com/inmueble/91426972/,2300.0,3,105.0
"Piso en rambla de Catalunya, La Dreta de l'Eixample, Barcelona",2020-10-20,0,16 oct,http://idealista.com/inmueble/91421418/,2300.0,3,105.0
"Piso en calle de Pau Claris, La Dreta de l'Eixample, Barcelona",2020-10-20,0,15 oct,http://idealista.com/inmueble/91393555/,1500.0,2,113.0
"Piso en rambla de Catalunya, La Dreta de l'Eixample, Barcelona",2020-10-20,0,14 oct,http://idealista.com/inmueble/91383641/,2300.0,3,105.0
"Piso en avenida Diagonal, La Dreta de l'Eixample, Barcelona",2020-10-20,0,13 oct,http://idealista.com/inmueble/91356043/,2100.0,5,207.0
"Piso en ronda de la Universitat, La Dreta de l'Eixample, Barcelona",2020-10-20,0,2ª planta exterior con ascensor,http://idealista.com/inmueble/91334203/,1800.0,2,90.0
"Piso en ronda de la Universitat, La Dreta de l'Eixample, Barcelona",2020-10-20,0,2ª planta exterior con ascensor,http://idealista.com/inmueble/91334203/,1800.0,2,90.0
"Piso en La Dreta de l'Eixample, Barcelona",2020-10-20,0,3ª planta exterior con ascensor,http://idealista.com/inmueble/91016177/,1850.0,5,175.0
"Piso en calle del Consell de Cent, La Dreta de l'Eixample, Barcelona",2020-10-20,0,exterior con ascensor,http://idealista.com/inmueble/90934157/,970.0,1,70.0
"Piso en calle Mallorca, La Dreta de l'Eixample, Barcelona",2020-10-20,0,5ª planta exterior con ascensor,http://idealista.com/inmueble/90900976/,950.0,1,49.0
"Piso en calle de Pau Claris, 97, La Dreta de l'Eixample, Barcelona",2020-10-20,0,3ª planta exterior con ascensor,http://idealista.com/inmueble/90861207/,2000.0,3,75.0
"Piso en paseo de Gracia, La Dreta de l'Eixample, Barcelona",2020-10-20,0,5ª planta exterior con ascensor,http://idealista.com/inmueble/90749411/,2450.0,2,90.0
"Piso en corts catalanes, La Dreta de l'Eixample, Barcelona",2020-10-20,0,3ª planta exterior con ascensor,http://idealista.com/inmueble/90328469/,900.0,1,50.0
"Piso en calle Pau Claris, La Dreta de l'Eixample, Barcelona",2020-10-20,0,4ª planta exterior con ascensor,http://idealista.com/inmueble/35186968/,2200.0,3,80.0
"Piso en calle de Mallorca, La Dreta de l'Eixample, Barcelona",2020-10-20,0,4ª planta exterior con ascensor,http://idealista.com/inmueble/90112325/,2050.0,6,170.0
"Piso en rambla de Catalunya, La Dreta de l'Eixample, Barcelona",2020-10-20,0,con ascensor,http://idealista.com/inmueble/89980342/,1800.0,4,121.0
"Piso en rambla de Catalunya, La Dreta de l'Eixample, Barcelona",2020-10-20,0,6ª planta exterior con ascensor,http://idealista.com/inmueble/89838175/,1300.0,3,85.0
"Piso en rambla de Catalunya, La Dreta de l'Eixample, Barcelona",2020-10-20,0,5ª planta exterior con ascensor,http://idealista.com/inmueble/89790289/,1300.0,3,85.0
"Piso en Passatge de Domingo, La Dreta de l'Eixample, Barcelona",2020-10-20,0,3ª planta exterior con ascensor,http://idealista.com/inmueble/89442021/,1500.0,2,65.0
"Piso en Passatge de Domingo, La Dreta de l'Eixample, Barcelona",2020-10-20,0,4ª planta interior con ascensor,http://idealista.com/inmueble/89399393/,1300.0,2,66.0
"Piso en paseo de gracia, La Dreta de l'Eixample, Barcelona",2020-10-20,0,6ª planta exterior con ascensor,http://idealista.com/inmueble/89359034/,3000.0,4,222.0
"Piso en via Gran, La Dreta de l'Eixample, Barcelona",2020-10-20,0,3ª planta exterior con ascensor,http://idealista.com/inmueble/88870538/,2845.0,6,230.0
"Piso en Gran Via de les Corts Catalanes, 655, La Dreta de l'Eixample, Barcelona",2020-10-20,0,1ª planta exterior con ascensor,http://idealista.com/inmueble/39264340/,1360.0,2,87.0
"Piso en La Dreta de l'Eixample, Barcelona",2020-10-20,0,16 oct,http://idealista.com/inmueble/91423908/,1000.0,2,80.0
"Piso en La Dreta de l'Eixample, Barcelona",2020-10-20,0,16 oct,http://idealista.com/inmueble/91423902/,1000.0,2,60.0
"Piso en La Dreta de l'Eixample, Barcelona",2020-10-20,0,16 oct,http://idealista.com/inmueble/91423901/,1250.0,2,85.0
"Piso en girona, La Dreta de l'Eixample, Barcelona",2020-10-20,0,1ª planta interior sin ascensor,http://idealista.com/inmueble/91352976/,850.0,1,41.0
"Piso en calle del Bruc, La Dreta de l'Eixample, Barcelona",2020-10-20,0,6ª planta interior con ascensor,http://idealista.com/inmueble/91294047/,950.0,2,88.0
"Piso en calle Girona, La Dreta de l'Eixample, Barcelona",2020-10-20,0,5ª planta exterior con ascensor,http://idealista.com/inmueble/91021845/,1200.0,3,100.0
"Piso en ronda de Sant Pere, La Dreta de l'Eixample, Barcelona",2020-10-20,0,3ª planta exterior con ascensor,http://idealista.com/inmueble/90887845/,1880.0,2,97.0
"Piso en ronda de Sant Pere, La Dreta de l'Eixample, Barcelona",2020-10-20,0,4ª planta exterior con ascensor,http://idealista.com/inmueble/90887763/,1280.0,1,56.0
"Piso en plaza Tetuan, La Dreta de l'Eixample, Barcelona",2020-10-20,0,2ª planta exterior con ascensor,http://idealista.com/inmueble/90879067/,3200.0,5,220.0
"Piso en Passatge de Domingo, 9, La Dreta de l'Eixample, Barcelona",2020-10-20,0,2ª planta exterior con ascensor,http://idealista.com/inmueble/37963349/,2175.0,4,140.0
"Piso en calle Valencia, La Dreta de l'Eixample, Barcelona",2020-10-20,0,3ª planta exterior con ascensor,http://idealista.com/inmueble/29388251/,1250.0,3,108.0
"Piso en calle de Pau Claris, La Dreta de l'Eixample, Barcelona",2020-10-20,0,2ª planta exterior con ascensor,http://idealista.com/inmueble/90384565/,4900.0,5,319.0
"Piso en Gran Via de les Corts Catalanes, 628, La Dreta de l'Eixample, Barcelona",2020-10-20,0,3ª planta  con ascensor,http://idealista.com/inmueble/89998802/,900.0,1,51.0
"Piso en calle de Casp, 82, La Dreta de l'Eixample, Barcelona",2020-10-20,0,4ª planta exterior con ascensor,http://idealista.com/inmueble/89335418/,1600.0,3,120.0
"Piso en Girona, La Dreta de l'Eixample, Barcelona",2020-10-20,0,2ª planta exterior sin ascensor,http://idealista.com/inmueble/89334452/,1950.0,3,168.0
"Piso en paseo de Gracia, La Dreta de l'Eixample, Barcelona",2020-10-20,0,4ª planta exterior con ascensor,http://idealista.com/inmueble/88924150/,2700.0,2,90.0
"Piso en calle de Pau Claris, Barcelona, La Dreta de l'Eixample, Barcelona",2020-10-20,0,5ª planta exterior con ascensor,http://idealista.com/inmueble/40024533/,2050.0,2,70.0
"Piso en La Dreta de l'Eixample, Barcelona",2020-10-20,0,15 oct,http://idealista.com/inmueble/91401432/,1500.0,3,114.0
"Piso en La Dreta de l'Eixample, Barcelona",2020-10-20,0,15 oct,http://idealista.com/inmueble/91390973/,1375.0,2,77.0
"Piso en La Dreta de l'Eixample, Barcelona",2020-10-20,0,14 oct,http://idealista.com/inmueble/91385067/,2800.0,2,170.0
"Piso en La Dreta de l'Eixample, Barcelona",2020-10-20,0,14 oct,http://idealista.com/inmueble/91373377/,1725.0,4,153.0
"Piso en La Dreta de l'Eixample, Barcelona",2020-10-20,0,13 oct,http://idealista.com/inmueble/91359666/,3000.0,2,136.0
"Piso en La Dreta de l'Eixample, Barcelona",2020-10-20,0,4ª planta exterior con ascensor,http://idealista.com/inmueble/91285693/,1090.0,1,70.0
"Piso en Roger de Lluria, La Dreta de l'Eixample, Barcelona",2020-10-20,0,1ª planta exterior con ascensor,http://idealista.com/inmueble/81433259/,950.0,1,50.0
"Piso en La Dreta de l'Eixample, Barcelona",2020-10-20,0,4ª planta exterior con ascensor,http://idealista.com/inmueble/91223185/,1090.0,1,70.0
"Piso en calle de Pau Claris, 148, La Dreta de l'Eixample, Barcelona",2020-10-20,0,4ª planta exterior con ascensor,http://idealista.com/inmueble/91152261/,2200.0,2,70.0
"Piso en Mallorca, 266, La Dreta de l'Eixample, Barcelona",2020-10-20,0,3ª planta exterior con ascensor,http://idealista.com/inmueble/91088678/,1400.0,3,95.0
"Piso en ronda de Sant Pere, Barcelona, 26, La Dreta de l'Eixample, Barcelona",2020-10-20,0,1ª planta exterior con ascensor,http://idealista.com/inmueble/82052309/,1100.0,1,55.0
"Piso en La Dreta de l'Eixample, Barcelona",2020-10-20,0,exterior con ascensor,http://idealista.com/inmueble/91029584/,2250.0,2,80.0
"Piso en La Dreta de l'Eixample, Barcelona",2020-10-20,0,exterior con ascensor,http://idealista.com/inmueble/91029583/,2450.0,3,110.0
"Piso en La Dreta de l'Eixample, Barcelona",2020-10-20,0,exterior con ascensor,http://idealista.com/inmueble/91029582/,2500.0,3,120.0
"Piso en La Dreta de l'Eixample, Barcelona",2020-10-20,0,exterior con ascensor,http://idealista.com/inmueble/90996278/,3150.0,5,194.0
"Piso en avenida Diagonal, 333, La Dreta de l'Eixample, Barcelona",2020-10-20,0,2ª planta exterior con ascensor,http://idealista.com/inmueble/82560477/,2000.0,5,207.0
"Piso en La Dreta de l'Eixample, Barcelona",2020-10-20,0,exterior con ascensor,http://idealista.com/inmueble/90874075/,2200.0,2,80.0
"Piso en La Dreta de l'Eixample, Barcelona",2020-10-20,0,exterior con ascensor,http://idealista.com/inmueble/90831127/,2350.0,2,91.0
"Piso en La Dreta de l'Eixample, Barcelona",2020-10-20,0,exterior con ascensor,http://idealista.com/inmueble/90791032/,3500.0,3,144.0
"Piso en La Dreta de l'Eixample, Barcelona",2020-10-20,0,1ª planta interior con ascensor,http://idealista.com/inmueble/90680066/,1100.0,3,90.0
"Piso en La Dreta de l'Eixample, Barcelona",2020-10-20,0,exterior con ascensor,http://idealista.com/inmueble/90558372/,2250.0,3,103.0
"Piso en La Dreta de l'Eixample, Barcelona",2020-10-20,0,exterior con ascensor,http://idealista.com/inmueble/89372470/,6800.0,2,130.0
"Piso en La Dreta de l'Eixample, Barcelona",2020-10-20,0,exterior con ascensor,http://idealista.com/inmueble/90522534/,1900.0,2,100.0
"Piso en La Dreta de l'Eixample, Barcelona",2020-10-20,0,exterior con ascensor,http://idealista.com/inmueble/90379730/,2100.0,2,134.0
"Piso en La Dreta de l'Eixample, Barcelona",2020-10-20,0,exterior,http://idealista.com/inmueble/90379720/,1950.0,3,157.0
"Piso en rambla de Catalunya, La Dreta de l'Eixample, Barcelona",2020-10-20,0,1ª planta exterior con ascensor,http://idealista.com/inmueble/90345437/,2000.0,2,85.0
"Piso en La Dreta de l'Eixample, Barcelona",2020-10-20,0,exterior con ascensor,http://idealista.com/inmueble/90304055/,2000.0,3,120.0
"Piso en La Dreta de l'Eixample, Barcelona",2020-10-20,0,exterior con ascensor,http://idealista.com/inmueble/81813144/,2050.0,5,170.0
"Piso en La Dreta de l'Eixample, Barcelona",2020-10-20,0,1ª planta exterior con ascensor,http://idealista.com/inmueble/89714404/,2200.0,3,138.0
"Piso en La Dreta de l'Eixample, Barcelona",2020-10-20,0,exterior con ascensor,http://idealista.com/inmueble/89372469/,8000.0,3,175.0
"Piso en La Dreta de l'Eixample, Barcelona",2020-10-20,0,exterior con ascensor,http://idealista.com/inmueble/83654670/,2700.0,3,180.0
"Piso en La Dreta de l'Eixample, Barcelona",2020-10-20,0,exterior con ascensor,http://idealista.com/inmueble/89015278/,2950.0,2,100.0
"Piso en La Dreta de l'Eixample, Barcelona",2020-10-20,0,exterior con ascensor,http://idealista.com/inmueble/88983086/,1600.0,3,120.0
"Piso en ronda de la Universitat, 16, La Dreta de l'Eixample, Barcelona",2020-10-20,0,5ª planta exterior con ascensor,http://idealista.com/inmueble/88842452/,1290.0,4,125.0
"Piso en La Dreta de l'Eixample, Barcelona",2020-10-20,0,exterior con ascensor,http://idealista.com/inmueble/88420825/,1900.0,2,70.0
"Piso en La Dreta de l'Eixample, Barcelona",2020-10-20,0,exterior con ascensor,http://idealista.com/inmueble/88408005/,7000.0,2,130.0
"Piso en La Dreta de l'Eixample, Barcelona",2020-10-20,0,exterior con ascensor,http://idealista.com/inmueble/88376447/,11500.0,4,265.0
"Piso en La Dreta de l'Eixample, Barcelona",2020-10-20,0,interior con ascensor,http://idealista.com/inmueble/81679657/,4500.0,2,222.0
"Piso en La Dreta de l'Eixample, Barcelona",2020-10-20,0,exterior con ascensor,http://idealista.com/inmueble/88103578/,3000.0,2,85.0
"Piso en La Dreta de l'Eixample, Barcelona",2020-10-20,0,exterior con ascensor,http://idealista.com/inmueble/86291297/,5500.0,3,210.0
"Piso en La Dreta de l'Eixample, Barcelona",2020-10-20,0,exterior con ascensor,http://idealista.com/inmueble/87720670/,2300.0,2,70.0
"Piso en La Dreta de l'Eixample, Barcelona",2020-10-20,0,4ª planta exterior con ascensor,http://idealista.com/inmueble/29399186/,1245.0,1,53.0
"Piso en Bailen, La Dreta de l'Eixample, Barcelona",2020-10-20,0,1ª planta exterior con ascensor,http://idealista.com/inmueble/83291483/,1260.0,1,52.0
"Piso en La Dreta de l'Eixample, Barcelona",2020-10-20,0,2ª planta exterior con ascensor,http://idealista.com/inmueble/84808558/,1800.0,2,66.0
"Piso en La Dreta de l'Eixample, Barcelona",2020-10-20,0,4ª planta exterior con ascensor,http://idealista.com/inmueble/31651065/,2050.0,2,66.0
"Piso en calle de Valencia, 347, La Dreta de l'Eixample, Barcelona",2020-10-20,0,13 oct,http://idealista.com/inmueble/91368672/,1200.0,2,75.0
"Piso en calle de Valencia, 347, La Dreta de l'Eixample, Barcelona",2020-10-20,0,13 oct,http://idealista.com/inmueble/91368419/,1090.0,1,50.0
"Piso en calle Corsega, 293, La Dreta de l'Eixample, Barcelona",2020-10-20,0,2ª planta exterior con ascensor,http://idealista.com/inmueble/29249614/,1300.0,2,76.0
"Piso en calle de Pelai, La Dreta de l'Eixample, Barcelona",2020-10-20,0,1ª planta exterior con ascensor,http://idealista.com/inmueble/85728862/,1350.0,1,60.0
"Piso en calle de Pau Claris, 117, La Dreta de l'Eixample, Barcelona",2020-10-20,0,2ª planta exterior con ascensor,http://idealista.com/inmueble/87849545/,1800.0,2,70.0
"Piso en paseo de Sant Joan, La Dreta de l'Eixample, Barcelona",2020-10-20,0,17 oct,http://idealista.com/inmueble/91425148/,1280.0,4,110.0
"Piso en rambla de Catalunya, La Dreta de l'Eixample, Barcelona",2020-10-20,0,15 oct,http://idealista.com/inmueble/91392935/,1400.0,3,80.0
"Estudio en avenida Diagonal, La Dreta de l'Eixample, Barcelona",2020-10-20,0,14 oct,http://idealista.com/inmueble/91373275/,675.0,,31.0
"Piso en paseo de Gracia, La Dreta de l'Eixample, Barcelona",2020-10-20,0,13 oct,http://idealista.com/inmueble/91366132/,1850.0,2,100.0
"Piso en calle del Bruc, La Dreta de l'Eixample, Barcelona",2020-10-20,0,13 oct,http://idealista.com/inmueble/91363697/,2310.0,2,65.0
"Piso en calle Aragon, La Dreta de l'Eixample, Barcelona",2020-10-20,0,4ª planta exterior con ascensor,http://idealista.com/inmueble/90508992/,900.0,1,40.0
"Piso en calle de Pau Claris, 99, La Dreta de l'Eixample, Barcelona",2020-10-20,0,3ª planta exterior con ascensor,http://idealista.com/inmueble/91328177/,1800.0,2,70.0
"Piso en calle Mallorca, La Dreta de l'Eixample, Barcelona",2020-10-20,0,2ª planta exterior con ascensor,http://idealista.com/inmueble/91302283/,1800.0,4,135.0
"Piso en rambla Catalunya, 103, La Dreta de l'Eixample, Barcelona",2020-10-20,0,4ª planta exterior con ascensor,http://idealista.com/inmueble/87954376/,1650.0,2,70.0
"Piso en calle de Balmes, La Dreta de l'Eixample, Barcelona",2020-10-20,0,3ª planta exterior con ascensor,http://idealista.com/inmueble/91038985/,2200.0,3,133.0
"Piso en paseo de Sant Joan, La Dreta de l'Eixample, Barcelona",2020-10-20,0,9ª planta exterior con ascensor,http://idealista.com/inmueble/90984447/,1500.0,4,96.0
"Piso en plaza de Tetuan, La Dreta de l'Eixample, Barcelona",2020-10-20,0,Entreplanta exterior con ascensor,http://idealista.com/inmueble/90969790/,1900.0,2,102.0
"Piso en calle del Consell de Cent, La Dreta de l'Eixample, Barcelona",2020-10-20,0,1ª planta exterior con ascensor,http://idealista.com/inmueble/90968088/,1690.0,2,134.0
"Piso en ronda de la Universitat, La Dreta de l'Eixample, Barcelona",2020-10-20,0,2ª planta exterior con ascensor,http://idealista.com/inmueble/90891075/,1400.0,3,116.0
"Piso en rambla de Catalunya, La Dreta de l'Eixample, Barcelona",2020-10-20,0,5ª planta exterior con ascensor,http://idealista.com/inmueble/90888809/,1800.0,2,80.0
"Piso en ronda de la Universitat, La Dreta de l'Eixample, Barcelona",2020-10-20,0,3ª planta exterior con ascensor,http://idealista.com/inmueble/90886249/,2200.0,3,120.0
"Piso en paseo de Sant Joan, 143, La Dreta de l'Eixample, Barcelona",2020-10-20,0,9ª planta exterior con ascensor,http://idealista.com/inmueble/90875463/,1500.0,4,100.0
"Piso en rambla de Catalunya, 42, La Dreta de l'Eixample, Barcelona",2020-10-20,0,5ª planta exterior con ascensor,http://idealista.com/inmueble/90835882/,1400.0,2,87.0
"Piso en rambla de Catalunya, La Dreta de l'Eixample, Barcelona",2020-10-20,0,3ª planta  sin ascensor,http://idealista.com/inmueble/85250690/,1944.0,2,100.0
"Piso en calle de Pelai, La Dreta de l'Eixample, Barcelona",2020-10-20,0,exterior con ascensor,http://idealista.com/inmueble/90824978/,2000.0,2,75.0
"Piso en calle de Pau Claris, La Dreta de l'Eixample, Barcelona",2020-10-20,0,2ª planta exterior con ascensor,http://idealista.com/inmueble/90824976/,1800.0,2,90.0
"Piso en calle de Roger de Flor, La Dreta de l'Eixample, Barcelona",2020-10-20,0,3ª planta  con ascensor,http://idealista.com/inmueble/40446780/,1195.0,2,75.0
"Piso en La Dreta de l'Eixample, Barcelona",2020-10-20,0,2ª planta  con ascensor,http://idealista.com/inmueble/90072344/,1400.0,3,82.0
"Piso en La Dreta de l'Eixample, Barcelona",2020-10-20,0,5ª planta exterior con ascensor,http://idealista.com/inmueble/90068365/,1300.0,3,87.0
"Piso en La Dreta de l'Eixample, Barcelona",2020-10-20,0,2ª planta  con ascensor,http://idealista.com/inmueble/90072344/,1400.0,3,82.0
"Piso en La Dreta de l'Eixample, Barcelona",2020-10-20,0,5ª planta exterior con ascensor,http://idealista.com/inmueble/90068365/,1300.0,3,87.0
"Piso en consejo de ciento, 306, La Dreta de l'Eixample, Barcelona",2020-10-20,0,1ª planta exterior con ascensor,http://idealista.com/inmueble/89939047/,1800.0,2,136.0
"Piso en gran via de les corts catalanes, La Dreta de l'Eixample, Barcelona",2020-10-20,0,7ª planta interior con ascensor,http://idealista.com/inmueble/39946904/,1095.0,1,55.0
"Piso en rambla de Catalunya, La Dreta de l'Eixample, Barcelona",2020-10-20,0,5ª planta exterior con ascensor,http://idealista.com/inmueble/89412359/,1800.0,1,65.0
"Piso en rambla de Catalunya, La Dreta de l'Eixample, Barcelona",2020-10-20,0,4ª planta  sin ascensor,http://idealista.com/inmueble/85250404/,1751.0,2,70.0
"Piso en rambla de Catalunya, La Dreta de l'Eixample, Barcelona",2020-10-20,0,4ª planta  sin ascensor,http://idealista.com/inmueble/87178499/,1580.0,1,60.0
"Piso en calle de Girona, La Dreta de l'Eixample, Barcelona",2020-10-20,0,4ª planta  con ascensor,http://idealista.com/inmueble/81834048/,1095.0,2,70.0
"Piso en rambla de Catalunya, La Dreta de l'Eixample, Barcelona",2020-10-20,0,4ª planta  sin ascensor,http://idealista.com/inmueble/85250417/,1578.0,1,60.0
"Piso en paseo de Gracia, La Dreta de l'Eixample, Barcelona",2020-10-20,0,6ª planta exterior con ascensor,http://idealista.com/inmueble/84755067/,5000.0,5,180.0
"Piso en calle Balmes, La Dreta de l'Eixample, Barcelona",2020-10-20,0,13 oct,http://idealista.com/inmueble/91360505/,1060.0,1,55.0
"Piso en paseo de Gracia, La Dreta de l'Eixample, Barcelona",2020-10-20,0,3ª planta exterior con ascensor,http://idealista.com/inmueble/91261336/,2000.0,1,64.0
"Piso en calle de Girona, La Dreta de l'Eixample, Barcelona",2020-10-20,0,1ª planta exterior con ascensor,http://idealista.com/inmueble/90904997/,1100.0,2,66.0
"Piso en ronda Sant Pere, La Dreta de l'Eixample, Barcelona",2020-10-20,0,4ª planta exterior con ascensor,http://idealista.com/inmueble/91186649/,2090.0,4,130.0
"Piso en Roger de Lluria, La Dreta de l'Eixample, Barcelona",2020-10-20,0,1ª planta exterior con ascensor,http://idealista.com/inmueble/90480376/,2500.0,5,188.0
"Piso en calle de Mallorca, La Dreta de l'Eixample, Barcelona",2020-10-20,0,3ª planta exterior con ascensor,http://idealista.com/inmueble/90098624/,1400.0,3,77.0
"Piso en ROSSELLO, La Dreta de l'Eixample, Barcelona",2020-10-20,0,4ª planta exterior con ascensor,http://idealista.com/inmueble/89728770/,1250.0,2,85.0
"Piso en ROSSELLO, La Dreta de l'Eixample, Barcelona",2020-10-20,0,3ª planta exterior con ascensor,http://idealista.com/inmueble/89334024/,1250.0,2,85.0
"Piso en Rbla. Catalunya, La Dreta de l'Eixample, Barcelona",2020-10-20,0,1ª planta exterior con ascensor,http://idealista.com/inmueble/89236625/,2900.0,3,153.0
"Piso en calle de Pau Claris, La Dreta de l'Eixample, Barcelona",2020-10-20,0,2ª planta interior con ascensor,http://idealista.com/inmueble/89234617/,1450.0,2,85.0
